"Unique_API","File_Hash","Malware_Family","Meaningful_Name"
"advapi32.dll!A_SHAFinal","b4f9beb47cc56ab08c571560df4496d3cc4656209597968a4c2e9b105ba475db","HackTool:Win32/Mimikatz","mimikatz.exe"
"advapi32.dll!A_SHAFinal","59f9bb49b41f3206b60b4d479000bf9fff7ef73fb1fda55b2eb13231482c8c22","HackTool:Win32/Mimikatz","mimikatz.exe"
"advapi32.dll!A_SHAFinal","9a3bf7ba676bf2f66b794f6cf27f8617f298caa4ccf2ac1ecdcbbef260306194","HackTool:Win32/Mimikatz","mimikatz.exe"
"advapi32.dll!A_SHAFinal","61c0810a23580cf492a6ba4f7654566108331e7a4134c968c2d6a05261b2d8a1","HackTool:Win32/Mimikatz!pz","mimikatz.exe"
"advapi32.dll!A_SHAFinal","6e37a054bd7c49b233cace747951911f320bd43be8a79ce455b97403c2f7de2c","HackTool:Win32/Mimikatz!pz","mimikatz.exe"
"advapi32.dll!A_SHAFinal","ad87ec5a797e31701aefb6261d2b6ce89c3959e36e1523382dce944be3f63704","HackTool:Win32/Mimikatz.D","mimikatz.exe"
"advapi32.dll!A_SHAInit","59f9bb49b41f3206b60b4d479000bf9fff7ef73fb1fda55b2eb13231482c8c22","HackTool:Win32/Mimikatz","mimikatz.exe"
"advapi32.dll!A_SHAInit","b4f9beb47cc56ab08c571560df4496d3cc4656209597968a4c2e9b105ba475db","HackTool:Win32/Mimikatz","mimikatz.exe"
"advapi32.dll!A_SHAInit","9a3bf7ba676bf2f66b794f6cf27f8617f298caa4ccf2ac1ecdcbbef260306194","HackTool:Win32/Mimikatz","mimikatz.exe"
"advapi32.dll!A_SHAInit","61c0810a23580cf492a6ba4f7654566108331e7a4134c968c2d6a05261b2d8a1","HackTool:Win32/Mimikatz!pz","mimikatz.exe"
"advapi32.dll!A_SHAInit","6e37a054bd7c49b233cace747951911f320bd43be8a79ce455b97403c2f7de2c","HackTool:Win32/Mimikatz!pz","mimikatz.exe"
"advapi32.dll!A_SHAInit","ad87ec5a797e31701aefb6261d2b6ce89c3959e36e1523382dce944be3f63704","HackTool:Win32/Mimikatz.D","mimikatz.exe"
"advapi32.dll!A_SHAUpdate","9a3bf7ba676bf2f66b794f6cf27f8617f298caa4ccf2ac1ecdcbbef260306194","HackTool:Win32/Mimikatz","mimikatz.exe"
"advapi32.dll!A_SHAUpdate","b4f9beb47cc56ab08c571560df4496d3cc4656209597968a4c2e9b105ba475db","HackTool:Win32/Mimikatz","mimikatz.exe"
"advapi32.dll!A_SHAUpdate","59f9bb49b41f3206b60b4d479000bf9fff7ef73fb1fda55b2eb13231482c8c22","HackTool:Win32/Mimikatz","mimikatz.exe"
"advapi32.dll!A_SHAUpdate","6e37a054bd7c49b233cace747951911f320bd43be8a79ce455b97403c2f7de2c","HackTool:Win32/Mimikatz!pz","mimikatz.exe"
"advapi32.dll!A_SHAUpdate","61c0810a23580cf492a6ba4f7654566108331e7a4134c968c2d6a05261b2d8a1","HackTool:Win32/Mimikatz!pz","mimikatz.exe"
"advapi32.dll!A_SHAUpdate","ad87ec5a797e31701aefb6261d2b6ce89c3959e36e1523382dce944be3f63704","HackTool:Win32/Mimikatz.D","mimikatz.exe"
"ADVAPI32.dll!CredUnmarshalCredentialW","9a3bf7ba676bf2f66b794f6cf27f8617f298caa4ccf2ac1ecdcbbef260306194","HackTool:Win32/Mimikatz","mimikatz.exe"
"ADVAPI32.dll!CredUnmarshalCredentialW","b4f9beb47cc56ab08c571560df4496d3cc4656209597968a4c2e9b105ba475db","HackTool:Win32/Mimikatz","mimikatz.exe"
"ADVAPI32.dll!CredUnmarshalCredentialW","61c0810a23580cf492a6ba4f7654566108331e7a4134c968c2d6a05261b2d8a1","HackTool:Win32/Mimikatz!pz","mimikatz.exe"
"ADVAPI32.dll!CredUnmarshalCredentialW","6e37a054bd7c49b233cace747951911f320bd43be8a79ce455b97403c2f7de2c","HackTool:Win32/Mimikatz!pz","mimikatz.exe"
"ADVAPI32.dll!CredUnmarshalCredentialW","ad87ec5a797e31701aefb6261d2b6ce89c3959e36e1523382dce944be3f63704","HackTool:Win32/Mimikatz.D","mimikatz.exe"
"ADVAPI32.dll!LookupPrivilegeNameA","9f5f3a9ce156213445d08d1a9ea99356d2136924dc28a8ceca6d528f9dbd718b","HackTool:Win32/Incognito","incognito.exe"
"ADVAPI32.dll!LsaEnumerateTrustedDomainsEx","59f9bb49b41f3206b60b4d479000bf9fff7ef73fb1fda55b2eb13231482c8c22","HackTool:Win32/Mimikatz","mimikatz.exe"
"ADVAPI32.dll!LsaEnumerateTrustedDomainsEx","9a3bf7ba676bf2f66b794f6cf27f8617f298caa4ccf2ac1ecdcbbef260306194","HackTool:Win32/Mimikatz","mimikatz.exe"
"ADVAPI32.dll!LsaEnumerateTrustedDomainsEx","b4f9beb47cc56ab08c571560df4496d3cc4656209597968a4c2e9b105ba475db","HackTool:Win32/Mimikatz","mimikatz.exe"
"ADVAPI32.dll!LsaEnumerateTrustedDomainsEx","6e37a054bd7c49b233cace747951911f320bd43be8a79ce455b97403c2f7de2c","HackTool:Win32/Mimikatz!pz","mimikatz.exe"
"ADVAPI32.dll!LsaEnumerateTrustedDomainsEx","61c0810a23580cf492a6ba4f7654566108331e7a4134c968c2d6a05261b2d8a1","HackTool:Win32/Mimikatz!pz","mimikatz.exe"
"ADVAPI32.dll!LsaEnumerateTrustedDomainsEx","ad87ec5a797e31701aefb6261d2b6ce89c3959e36e1523382dce944be3f63704","HackTool:Win32/Mimikatz.D","mimikatz.exe"
"ADVAPI32.dll!LsaOpenSecret","b4f9beb47cc56ab08c571560df4496d3cc4656209597968a4c2e9b105ba475db","HackTool:Win32/Mimikatz","mimikatz.exe"
"ADVAPI32.dll!LsaOpenSecret","59f9bb49b41f3206b60b4d479000bf9fff7ef73fb1fda55b2eb13231482c8c22","HackTool:Win32/Mimikatz","mimikatz.exe"
"ADVAPI32.dll!LsaOpenSecret","9a3bf7ba676bf2f66b794f6cf27f8617f298caa4ccf2ac1ecdcbbef260306194","HackTool:Win32/Mimikatz","mimikatz.exe"
"ADVAPI32.dll!LsaOpenSecret","61c0810a23580cf492a6ba4f7654566108331e7a4134c968c2d6a05261b2d8a1","HackTool:Win32/Mimikatz!pz","mimikatz.exe"
"ADVAPI32.dll!LsaOpenSecret","6e37a054bd7c49b233cace747951911f320bd43be8a79ce455b97403c2f7de2c","HackTool:Win32/Mimikatz!pz","mimikatz.exe"
"ADVAPI32.dll!LsaOpenSecret","ad87ec5a797e31701aefb6261d2b6ce89c3959e36e1523382dce944be3f63704","HackTool:Win32/Mimikatz.D","mimikatz.exe"
"ADVAPI32.dll!LsaOpenSecret","66cc11b8592a94154cf938f93c03d3a5c6946dd5f8b5855fb2ea80cdaa97f2b0","VirTool:Win32/Lasdumpz.B!MTB","LSASecretDumper.exe"
"ADVAPI32.dll!LsaQuerySecret","59f9bb49b41f3206b60b4d479000bf9fff7ef73fb1fda55b2eb13231482c8c22","HackTool:Win32/Mimikatz","mimikatz.exe"
"ADVAPI32.dll!LsaQuerySecret","b4f9beb47cc56ab08c571560df4496d3cc4656209597968a4c2e9b105ba475db","HackTool:Win32/Mimikatz","mimikatz.exe"
"ADVAPI32.dll!LsaQuerySecret","9a3bf7ba676bf2f66b794f6cf27f8617f298caa4ccf2ac1ecdcbbef260306194","HackTool:Win32/Mimikatz","mimikatz.exe"
"ADVAPI32.dll!LsaQuerySecret","6e37a054bd7c49b233cace747951911f320bd43be8a79ce455b97403c2f7de2c","HackTool:Win32/Mimikatz!pz","mimikatz.exe"
"ADVAPI32.dll!LsaQuerySecret","61c0810a23580cf492a6ba4f7654566108331e7a4134c968c2d6a05261b2d8a1","HackTool:Win32/Mimikatz!pz","mimikatz.exe"
"ADVAPI32.dll!LsaQuerySecret","ad87ec5a797e31701aefb6261d2b6ce89c3959e36e1523382dce944be3f63704","HackTool:Win32/Mimikatz.D","mimikatz.exe"
"ADVAPI32.dll!LsaQuerySecret","66cc11b8592a94154cf938f93c03d3a5c6946dd5f8b5855fb2ea80cdaa97f2b0","VirTool:Win32/Lasdumpz.B!MTB","LSASecretDumper.exe"
"ADVAPI32.dll!LsaQueryTrustedDomainInfoByName","9a3bf7ba676bf2f66b794f6cf27f8617f298caa4ccf2ac1ecdcbbef260306194","HackTool:Win32/Mimikatz","mimikatz.exe"
"ADVAPI32.dll!LsaQueryTrustedDomainInfoByName","b4f9beb47cc56ab08c571560df4496d3cc4656209597968a4c2e9b105ba475db","HackTool:Win32/Mimikatz","mimikatz.exe"
"ADVAPI32.dll!LsaQueryTrustedDomainInfoByName","59f9bb49b41f3206b60b4d479000bf9fff7ef73fb1fda55b2eb13231482c8c22","HackTool:Win32/Mimikatz","mimikatz.exe"
"ADVAPI32.dll!LsaQueryTrustedDomainInfoByName","61c0810a23580cf492a6ba4f7654566108331e7a4134c968c2d6a05261b2d8a1","HackTool:Win32/Mimikatz!pz","mimikatz.exe"
"ADVAPI32.dll!LsaQueryTrustedDomainInfoByName","6e37a054bd7c49b233cace747951911f320bd43be8a79ce455b97403c2f7de2c","HackTool:Win32/Mimikatz!pz","mimikatz.exe"
"ADVAPI32.dll!LsaQueryTrustedDomainInfoByName","ad87ec5a797e31701aefb6261d2b6ce89c3959e36e1523382dce944be3f63704","HackTool:Win32/Mimikatz.D","mimikatz.exe"
"ADVAPI32.dll!LsaSetSecret","61c0810a23580cf492a6ba4f7654566108331e7a4134c968c2d6a05261b2d8a1","HackTool:Win32/Mimikatz!pz","mimikatz.exe"
"ADVAPI32.dll!LsaSetSecret","ad87ec5a797e31701aefb6261d2b6ce89c3959e36e1523382dce944be3f63704","HackTool:Win32/Mimikatz.D","mimikatz.exe"
"ADVAPI32.dll!SystemFunction001","59f9bb49b41f3206b60b4d479000bf9fff7ef73fb1fda55b2eb13231482c8c22","HackTool:Win32/Mimikatz","mimikatz.exe"
"ADVAPI32.dll!SystemFunction001","b4f9beb47cc56ab08c571560df4496d3cc4656209597968a4c2e9b105ba475db","HackTool:Win32/Mimikatz","mimikatz.exe"
"ADVAPI32.dll!SystemFunction001","9a3bf7ba676bf2f66b794f6cf27f8617f298caa4ccf2ac1ecdcbbef260306194","HackTool:Win32/Mimikatz","mimikatz.exe"
"ADVAPI32.dll!SystemFunction001","6e37a054bd7c49b233cace747951911f320bd43be8a79ce455b97403c2f7de2c","HackTool:Win32/Mimikatz!pz","mimikatz.exe"
"ADVAPI32.dll!SystemFunction001","61c0810a23580cf492a6ba4f7654566108331e7a4134c968c2d6a05261b2d8a1","HackTool:Win32/Mimikatz!pz","mimikatz.exe"
"ADVAPI32.dll!SystemFunction001","ad87ec5a797e31701aefb6261d2b6ce89c3959e36e1523382dce944be3f63704","HackTool:Win32/Mimikatz.D","mimikatz.exe"
"ADVAPI32.dll!SystemFunction005","59f9bb49b41f3206b60b4d479000bf9fff7ef73fb1fda55b2eb13231482c8c22","HackTool:Win32/Mimikatz","mimikatz.exe"
"ADVAPI32.dll!SystemFunction005","b4f9beb47cc56ab08c571560df4496d3cc4656209597968a4c2e9b105ba475db","HackTool:Win32/Mimikatz","mimikatz.exe"
"ADVAPI32.dll!SystemFunction005","9a3bf7ba676bf2f66b794f6cf27f8617f298caa4ccf2ac1ecdcbbef260306194","HackTool:Win32/Mimikatz","mimikatz.exe"
"ADVAPI32.dll!SystemFunction005","6e37a054bd7c49b233cace747951911f320bd43be8a79ce455b97403c2f7de2c","HackTool:Win32/Mimikatz!pz","mimikatz.exe"
"ADVAPI32.dll!SystemFunction005","61c0810a23580cf492a6ba4f7654566108331e7a4134c968c2d6a05261b2d8a1","HackTool:Win32/Mimikatz!pz","mimikatz.exe"
"ADVAPI32.dll!SystemFunction005","ad87ec5a797e31701aefb6261d2b6ce89c3959e36e1523382dce944be3f63704","HackTool:Win32/Mimikatz.D","mimikatz.exe"
"ADVAPI32.dll!SystemFunction006","b4f9beb47cc56ab08c571560df4496d3cc4656209597968a4c2e9b105ba475db","HackTool:Win32/Mimikatz","mimikatz.exe"
"ADVAPI32.dll!SystemFunction006","9a3bf7ba676bf2f66b794f6cf27f8617f298caa4ccf2ac1ecdcbbef260306194","HackTool:Win32/Mimikatz","mimikatz.exe"
"ADVAPI32.dll!SystemFunction006","59f9bb49b41f3206b60b4d479000bf9fff7ef73fb1fda55b2eb13231482c8c22","HackTool:Win32/Mimikatz","mimikatz.exe"
"ADVAPI32.dll!SystemFunction006","6e37a054bd7c49b233cace747951911f320bd43be8a79ce455b97403c2f7de2c","HackTool:Win32/Mimikatz!pz","mimikatz.exe"
"ADVAPI32.dll!SystemFunction006","61c0810a23580cf492a6ba4f7654566108331e7a4134c968c2d6a05261b2d8a1","HackTool:Win32/Mimikatz!pz","mimikatz.exe"
"ADVAPI32.dll!SystemFunction006","ad87ec5a797e31701aefb6261d2b6ce89c3959e36e1523382dce944be3f63704","HackTool:Win32/Mimikatz.D","mimikatz.exe"
"ADVAPI32.dll!SystemFunction007","b4f9beb47cc56ab08c571560df4496d3cc4656209597968a4c2e9b105ba475db","HackTool:Win32/Mimikatz","mimikatz.exe"
"ADVAPI32.dll!SystemFunction007","9a3bf7ba676bf2f66b794f6cf27f8617f298caa4ccf2ac1ecdcbbef260306194","HackTool:Win32/Mimikatz","mimikatz.exe"
"ADVAPI32.dll!SystemFunction007","59f9bb49b41f3206b60b4d479000bf9fff7ef73fb1fda55b2eb13231482c8c22","HackTool:Win32/Mimikatz","mimikatz.exe"
"ADVAPI32.dll!SystemFunction007","61c0810a23580cf492a6ba4f7654566108331e7a4134c968c2d6a05261b2d8a1","HackTool:Win32/Mimikatz!pz","mimikatz.exe"
"ADVAPI32.dll!SystemFunction007","6e37a054bd7c49b233cace747951911f320bd43be8a79ce455b97403c2f7de2c","HackTool:Win32/Mimikatz!pz","mimikatz.exe"
"ADVAPI32.dll!SystemFunction007","ad87ec5a797e31701aefb6261d2b6ce89c3959e36e1523382dce944be3f63704","HackTool:Win32/Mimikatz.D","mimikatz.exe"
"ADVAPI32.dll!SystemFunction013","9a3bf7ba676bf2f66b794f6cf27f8617f298caa4ccf2ac1ecdcbbef260306194","HackTool:Win32/Mimikatz","mimikatz.exe"
"ADVAPI32.dll!SystemFunction013","59f9bb49b41f3206b60b4d479000bf9fff7ef73fb1fda55b2eb13231482c8c22","HackTool:Win32/Mimikatz","mimikatz.exe"
"ADVAPI32.dll!SystemFunction013","b4f9beb47cc56ab08c571560df4496d3cc4656209597968a4c2e9b105ba475db","HackTool:Win32/Mimikatz","mimikatz.exe"
"ADVAPI32.dll!SystemFunction013","6e37a054bd7c49b233cace747951911f320bd43be8a79ce455b97403c2f7de2c","HackTool:Win32/Mimikatz!pz","mimikatz.exe"
"ADVAPI32.dll!SystemFunction023","61c0810a23580cf492a6ba4f7654566108331e7a4134c968c2d6a05261b2d8a1","HackTool:Win32/Mimikatz!pz","mimikatz.exe"
"ADVAPI32.dll!SystemFunction023","ad87ec5a797e31701aefb6261d2b6ce89c3959e36e1523382dce944be3f63704","HackTool:Win32/Mimikatz.D","mimikatz.exe"
"ADVAPI32.dll!SystemFunction024","b4f9beb47cc56ab08c571560df4496d3cc4656209597968a4c2e9b105ba475db","HackTool:Win32/Mimikatz","mimikatz.exe"
"ADVAPI32.dll!SystemFunction024","9a3bf7ba676bf2f66b794f6cf27f8617f298caa4ccf2ac1ecdcbbef260306194","HackTool:Win32/Mimikatz","mimikatz.exe"
"ADVAPI32.dll!SystemFunction024","59f9bb49b41f3206b60b4d479000bf9fff7ef73fb1fda55b2eb13231482c8c22","HackTool:Win32/Mimikatz","mimikatz.exe"
"ADVAPI32.dll!SystemFunction024","6e37a054bd7c49b233cace747951911f320bd43be8a79ce455b97403c2f7de2c","HackTool:Win32/Mimikatz!pz","mimikatz.exe"
"ADVAPI32.dll!SystemFunction025","9a3bf7ba676bf2f66b794f6cf27f8617f298caa4ccf2ac1ecdcbbef260306194","HackTool:Win32/Mimikatz","mimikatz.exe"
"ADVAPI32.dll!SystemFunction025","59f9bb49b41f3206b60b4d479000bf9fff7ef73fb1fda55b2eb13231482c8c22","HackTool:Win32/Mimikatz","mimikatz.exe"
"ADVAPI32.dll!SystemFunction025","b4f9beb47cc56ab08c571560df4496d3cc4656209597968a4c2e9b105ba475db","HackTool:Win32/Mimikatz","mimikatz.exe"
"ADVAPI32.dll!SystemFunction025","6e37a054bd7c49b233cace747951911f320bd43be8a79ce455b97403c2f7de2c","HackTool:Win32/Mimikatz!pz","mimikatz.exe"
"ADVAPI32.dll!SystemFunction026","61c0810a23580cf492a6ba4f7654566108331e7a4134c968c2d6a05261b2d8a1","HackTool:Win32/Mimikatz!pz","mimikatz.exe"
"ADVAPI32.dll!SystemFunction026","ad87ec5a797e31701aefb6261d2b6ce89c3959e36e1523382dce944be3f63704","HackTool:Win32/Mimikatz.D","mimikatz.exe"
"ADVAPI32.dll!SystemFunction027","61c0810a23580cf492a6ba4f7654566108331e7a4134c968c2d6a05261b2d8a1","HackTool:Win32/Mimikatz!pz","mimikatz.exe"
"ADVAPI32.dll!SystemFunction027","ad87ec5a797e31701aefb6261d2b6ce89c3959e36e1523382dce944be3f63704","HackTool:Win32/Mimikatz.D","mimikatz.exe"
"ADVAPI32.dll!SystemFunction032","b4f9beb47cc56ab08c571560df4496d3cc4656209597968a4c2e9b105ba475db","HackTool:Win32/Mimikatz","mimikatz.exe"
"ADVAPI32.dll!SystemFunction032","9a3bf7ba676bf2f66b794f6cf27f8617f298caa4ccf2ac1ecdcbbef260306194","HackTool:Win32/Mimikatz","mimikatz.exe"
"ADVAPI32.dll!SystemFunction032","59f9bb49b41f3206b60b4d479000bf9fff7ef73fb1fda55b2eb13231482c8c22","HackTool:Win32/Mimikatz","mimikatz.exe"
"ADVAPI32.dll!SystemFunction032","61c0810a23580cf492a6ba4f7654566108331e7a4134c968c2d6a05261b2d8a1","HackTool:Win32/Mimikatz!pz","mimikatz.exe"
"ADVAPI32.dll!SystemFunction032","6e37a054bd7c49b233cace747951911f320bd43be8a79ce455b97403c2f7de2c","HackTool:Win32/Mimikatz!pz","mimikatz.exe"
"ADVAPI32.dll!SystemFunction032","ad87ec5a797e31701aefb6261d2b6ce89c3959e36e1523382dce944be3f63704","HackTool:Win32/Mimikatz.D","mimikatz.exe"
"ADVAPI32.dll!SystemFunction033","61c0810a23580cf492a6ba4f7654566108331e7a4134c968c2d6a05261b2d8a1","HackTool:Win32/Mimikatz!pz","mimikatz.exe"
"ADVAPI32.dll!SystemFunction033","ad87ec5a797e31701aefb6261d2b6ce89c3959e36e1523382dce944be3f63704","HackTool:Win32/Mimikatz.D","mimikatz.exe"
"ADVAPI32.dll!SystemFunction041","61c0810a23580cf492a6ba4f7654566108331e7a4134c968c2d6a05261b2d8a1","HackTool:Win32/Mimikatz!pz","mimikatz.exe"
"cryptdll.dll!CDGenerateRandomBits","59f9bb49b41f3206b60b4d479000bf9fff7ef73fb1fda55b2eb13231482c8c22","HackTool:Win32/Mimikatz","mimikatz.exe"
"cryptdll.dll!CDGenerateRandomBits","9a3bf7ba676bf2f66b794f6cf27f8617f298caa4ccf2ac1ecdcbbef260306194","HackTool:Win32/Mimikatz","mimikatz.exe"
"cryptdll.dll!CDGenerateRandomBits","b4f9beb47cc56ab08c571560df4496d3cc4656209597968a4c2e9b105ba475db","HackTool:Win32/Mimikatz","mimikatz.exe"
"cryptdll.dll!CDGenerateRandomBits","61c0810a23580cf492a6ba4f7654566108331e7a4134c968c2d6a05261b2d8a1","HackTool:Win32/Mimikatz!pz","mimikatz.exe"
"cryptdll.dll!CDGenerateRandomBits","6e37a054bd7c49b233cace747951911f320bd43be8a79ce455b97403c2f7de2c","HackTool:Win32/Mimikatz!pz","mimikatz.exe"
"cryptdll.dll!CDGenerateRandomBits","ad87ec5a797e31701aefb6261d2b6ce89c3959e36e1523382dce944be3f63704","HackTool:Win32/Mimikatz.D","mimikatz.exe"
"cryptdll.dll!CDLocateCheckSum","b4f9beb47cc56ab08c571560df4496d3cc4656209597968a4c2e9b105ba475db","HackTool:Win32/Mimikatz","mimikatz.exe"
"cryptdll.dll!CDLocateCheckSum","59f9bb49b41f3206b60b4d479000bf9fff7ef73fb1fda55b2eb13231482c8c22","HackTool:Win32/Mimikatz","mimikatz.exe"
"cryptdll.dll!CDLocateCheckSum","9a3bf7ba676bf2f66b794f6cf27f8617f298caa4ccf2ac1ecdcbbef260306194","HackTool:Win32/Mimikatz","mimikatz.exe"
"cryptdll.dll!CDLocateCheckSum","61c0810a23580cf492a6ba4f7654566108331e7a4134c968c2d6a05261b2d8a1","HackTool:Win32/Mimikatz!pz","mimikatz.exe"
"cryptdll.dll!CDLocateCheckSum","6e37a054bd7c49b233cace747951911f320bd43be8a79ce455b97403c2f7de2c","HackTool:Win32/Mimikatz!pz","mimikatz.exe"
"cryptdll.dll!CDLocateCheckSum","ad87ec5a797e31701aefb6261d2b6ce89c3959e36e1523382dce944be3f63704","HackTool:Win32/Mimikatz.D","mimikatz.exe"
"cryptdll.dll!CDLocateCSystem","9a3bf7ba676bf2f66b794f6cf27f8617f298caa4ccf2ac1ecdcbbef260306194","HackTool:Win32/Mimikatz","mimikatz.exe"
"cryptdll.dll!CDLocateCSystem","b4f9beb47cc56ab08c571560df4496d3cc4656209597968a4c2e9b105ba475db","HackTool:Win32/Mimikatz","mimikatz.exe"
"cryptdll.dll!CDLocateCSystem","59f9bb49b41f3206b60b4d479000bf9fff7ef73fb1fda55b2eb13231482c8c22","HackTool:Win32/Mimikatz","mimikatz.exe"
"cryptdll.dll!CDLocateCSystem","6e37a054bd7c49b233cace747951911f320bd43be8a79ce455b97403c2f7de2c","HackTool:Win32/Mimikatz!pz","mimikatz.exe"
"cryptdll.dll!CDLocateCSystem","61c0810a23580cf492a6ba4f7654566108331e7a4134c968c2d6a05261b2d8a1","HackTool:Win32/Mimikatz!pz","mimikatz.exe"
"cryptdll.dll!CDLocateCSystem","ad87ec5a797e31701aefb6261d2b6ce89c3959e36e1523382dce944be3f63704","HackTool:Win32/Mimikatz.D","mimikatz.exe"
"cryptdll.dll!MD5Final","59f9bb49b41f3206b60b4d479000bf9fff7ef73fb1fda55b2eb13231482c8c22","HackTool:Win32/Mimikatz","mimikatz.exe"
"cryptdll.dll!MD5Final","9a3bf7ba676bf2f66b794f6cf27f8617f298caa4ccf2ac1ecdcbbef260306194","HackTool:Win32/Mimikatz","mimikatz.exe"
"cryptdll.dll!MD5Final","b4f9beb47cc56ab08c571560df4496d3cc4656209597968a4c2e9b105ba475db","HackTool:Win32/Mimikatz","mimikatz.exe"
"cryptdll.dll!MD5Final","61c0810a23580cf492a6ba4f7654566108331e7a4134c968c2d6a05261b2d8a1","HackTool:Win32/Mimikatz!pz","mimikatz.exe"
"cryptdll.dll!MD5Final","6e37a054bd7c49b233cace747951911f320bd43be8a79ce455b97403c2f7de2c","HackTool:Win32/Mimikatz!pz","mimikatz.exe"
"cryptdll.dll!MD5Final","ad87ec5a797e31701aefb6261d2b6ce89c3959e36e1523382dce944be3f63704","HackTool:Win32/Mimikatz.D","mimikatz.exe"
"cryptdll.dll!MD5Init","b4f9beb47cc56ab08c571560df4496d3cc4656209597968a4c2e9b105ba475db","HackTool:Win32/Mimikatz","mimikatz.exe"
"cryptdll.dll!MD5Init","59f9bb49b41f3206b60b4d479000bf9fff7ef73fb1fda55b2eb13231482c8c22","HackTool:Win32/Mimikatz","mimikatz.exe"
"cryptdll.dll!MD5Init","9a3bf7ba676bf2f66b794f6cf27f8617f298caa4ccf2ac1ecdcbbef260306194","HackTool:Win32/Mimikatz","mimikatz.exe"
"cryptdll.dll!MD5Init","6e37a054bd7c49b233cace747951911f320bd43be8a79ce455b97403c2f7de2c","HackTool:Win32/Mimikatz!pz","mimikatz.exe"
"cryptdll.dll!MD5Init","61c0810a23580cf492a6ba4f7654566108331e7a4134c968c2d6a05261b2d8a1","HackTool:Win32/Mimikatz!pz","mimikatz.exe"
"cryptdll.dll!MD5Init","ad87ec5a797e31701aefb6261d2b6ce89c3959e36e1523382dce944be3f63704","HackTool:Win32/Mimikatz.D","mimikatz.exe"
"cryptdll.dll!MD5Update","59f9bb49b41f3206b60b4d479000bf9fff7ef73fb1fda55b2eb13231482c8c22","HackTool:Win32/Mimikatz","mimikatz.exe"
"cryptdll.dll!MD5Update","9a3bf7ba676bf2f66b794f6cf27f8617f298caa4ccf2ac1ecdcbbef260306194","HackTool:Win32/Mimikatz","mimikatz.exe"
"cryptdll.dll!MD5Update","b4f9beb47cc56ab08c571560df4496d3cc4656209597968a4c2e9b105ba475db","HackTool:Win32/Mimikatz","mimikatz.exe"
"cryptdll.dll!MD5Update","61c0810a23580cf492a6ba4f7654566108331e7a4134c968c2d6a05261b2d8a1","HackTool:Win32/Mimikatz!pz","mimikatz.exe"
"cryptdll.dll!MD5Update","6e37a054bd7c49b233cace747951911f320bd43be8a79ce455b97403c2f7de2c","HackTool:Win32/Mimikatz!pz","mimikatz.exe"
"cryptdll.dll!MD5Update","ad87ec5a797e31701aefb6261d2b6ce89c3959e36e1523382dce944be3f63704","HackTool:Win32/Mimikatz.D","mimikatz.exe"
"cygcurl-2.dll!curl_easy_cleanup","1c9aad114f8d6a6b5795d6842ee226034cca1e650cfb00ff5733a14a808e8eb7","Unknown","dirb.exe"
"cygcurl-2.dll!curl_easy_getinfo","1c9aad114f8d6a6b5795d6842ee226034cca1e650cfb00ff5733a14a808e8eb7","Unknown","dirb.exe"
"cygcurl-2.dll!curl_easy_init","1c9aad114f8d6a6b5795d6842ee226034cca1e650cfb00ff5733a14a808e8eb7","Unknown","dirb.exe"
"cygcurl-2.dll!curl_easy_perform","1c9aad114f8d6a6b5795d6842ee226034cca1e650cfb00ff5733a14a808e8eb7","Unknown","dirb.exe"
"cygcurl-2.dll!curl_easy_setopt","1c9aad114f8d6a6b5795d6842ee226034cca1e650cfb00ff5733a14a808e8eb7","Unknown","dirb.exe"
"cygcurl-2.dll!curl_slist_append","1c9aad114f8d6a6b5795d6842ee226034cca1e650cfb00ff5733a14a808e8eb7","Unknown","dirb.exe"
"cygwin1.dll!asctime","1c9aad114f8d6a6b5795d6842ee226034cca1e650cfb00ff5733a14a808e8eb7","Unknown","dirb.exe"
"cygwin1.dll!dll_crt0__FP11per_process","1c9aad114f8d6a6b5795d6842ee226034cca1e650cfb00ff5733a14a808e8eb7","Unknown","dirb.exe"
"KERNEL32.dll!CreateFileTransactedA","6dba45e8707627f0cc040b06b9f2a3800139768ca2910c072ab271a813a1c309","Trojan:Win32/Meterpreter.O","6c0eb0a197b705fcb68398229ac909a3.virus"
"KERNEL32.dll!CreateRemoteThreadEx","5435dd3a31b6aa23b63ed73d562a65e2fa5b2050d004f52a270a3f475ad82774","win/malicious_confidence_100% (W)",
"KERNEL32.dll!Ord(1)","94cae63dcbabb71c5dd43f55fd09caeffdcd7628a02a112fb3cba36698ef72bc","HackTool:Win32/Gsecdump","ExternalPayloads/ExternalPayloads/gsecdump.exe"
"KERNEL32.dll!Wow64SetThreadContext","25c6d7bc7fe740d7c19110c18d8b21bb68f2e19d8ca92c6fb7dfe1cff52f6ae7","Program:Win32/Wacapew.C!ml","transacted_hollowing.exe"
"msasn1.dll!ASN1_CloseDecoder","59f9bb49b41f3206b60b4d479000bf9fff7ef73fb1fda55b2eb13231482c8c22","HackTool:Win32/Mimikatz","mimikatz.exe"
"msasn1.dll!ASN1_CloseDecoder","9a3bf7ba676bf2f66b794f6cf27f8617f298caa4ccf2ac1ecdcbbef260306194","HackTool:Win32/Mimikatz","mimikatz.exe"
"msasn1.dll!ASN1_CloseDecoder","b4f9beb47cc56ab08c571560df4496d3cc4656209597968a4c2e9b105ba475db","HackTool:Win32/Mimikatz","mimikatz.exe"
"msasn1.dll!ASN1_CloseDecoder","61c0810a23580cf492a6ba4f7654566108331e7a4134c968c2d6a05261b2d8a1","HackTool:Win32/Mimikatz!pz","mimikatz.exe"
"msasn1.dll!ASN1_CloseDecoder","6e37a054bd7c49b233cace747951911f320bd43be8a79ce455b97403c2f7de2c","HackTool:Win32/Mimikatz!pz","mimikatz.exe"
"msasn1.dll!ASN1_CloseDecoder","ad87ec5a797e31701aefb6261d2b6ce89c3959e36e1523382dce944be3f63704","HackTool:Win32/Mimikatz.D","mimikatz.exe"
"msasn1.dll!ASN1_CloseEncoder","59f9bb49b41f3206b60b4d479000bf9fff7ef73fb1fda55b2eb13231482c8c22","HackTool:Win32/Mimikatz","mimikatz.exe"
"msasn1.dll!ASN1_CloseEncoder","9a3bf7ba676bf2f66b794f6cf27f8617f298caa4ccf2ac1ecdcbbef260306194","HackTool:Win32/Mimikatz","mimikatz.exe"
"msasn1.dll!ASN1_CloseEncoder","b4f9beb47cc56ab08c571560df4496d3cc4656209597968a4c2e9b105ba475db","HackTool:Win32/Mimikatz","mimikatz.exe"
"msasn1.dll!ASN1_CloseEncoder","6e37a054bd7c49b233cace747951911f320bd43be8a79ce455b97403c2f7de2c","HackTool:Win32/Mimikatz!pz","mimikatz.exe"
"msasn1.dll!ASN1_CloseEncoder","61c0810a23580cf492a6ba4f7654566108331e7a4134c968c2d6a05261b2d8a1","HackTool:Win32/Mimikatz!pz","mimikatz.exe"
"msasn1.dll!ASN1_CloseEncoder","ad87ec5a797e31701aefb6261d2b6ce89c3959e36e1523382dce944be3f63704","HackTool:Win32/Mimikatz.D","mimikatz.exe"
"msasn1.dll!ASN1_CloseModule","b4f9beb47cc56ab08c571560df4496d3cc4656209597968a4c2e9b105ba475db","HackTool:Win32/Mimikatz","mimikatz.exe"
"msasn1.dll!ASN1_CloseModule","59f9bb49b41f3206b60b4d479000bf9fff7ef73fb1fda55b2eb13231482c8c22","HackTool:Win32/Mimikatz","mimikatz.exe"
"msasn1.dll!ASN1_CloseModule","9a3bf7ba676bf2f66b794f6cf27f8617f298caa4ccf2ac1ecdcbbef260306194","HackTool:Win32/Mimikatz","mimikatz.exe"
"msasn1.dll!ASN1_CloseModule","61c0810a23580cf492a6ba4f7654566108331e7a4134c968c2d6a05261b2d8a1","HackTool:Win32/Mimikatz!pz","mimikatz.exe"
"msasn1.dll!ASN1_CloseModule","6e37a054bd7c49b233cace747951911f320bd43be8a79ce455b97403c2f7de2c","HackTool:Win32/Mimikatz!pz","mimikatz.exe"
"msasn1.dll!ASN1_CloseModule","ad87ec5a797e31701aefb6261d2b6ce89c3959e36e1523382dce944be3f63704","HackTool:Win32/Mimikatz.D","mimikatz.exe"
"msasn1.dll!ASN1_CreateDecoder","9a3bf7ba676bf2f66b794f6cf27f8617f298caa4ccf2ac1ecdcbbef260306194","HackTool:Win32/Mimikatz","mimikatz.exe"
"msasn1.dll!ASN1_CreateDecoder","b4f9beb47cc56ab08c571560df4496d3cc4656209597968a4c2e9b105ba475db","HackTool:Win32/Mimikatz","mimikatz.exe"
"msasn1.dll!ASN1_CreateDecoder","59f9bb49b41f3206b60b4d479000bf9fff7ef73fb1fda55b2eb13231482c8c22","HackTool:Win32/Mimikatz","mimikatz.exe"
"msasn1.dll!ASN1_CreateDecoder","61c0810a23580cf492a6ba4f7654566108331e7a4134c968c2d6a05261b2d8a1","HackTool:Win32/Mimikatz!pz","mimikatz.exe"
"msasn1.dll!ASN1_CreateDecoder","6e37a054bd7c49b233cace747951911f320bd43be8a79ce455b97403c2f7de2c","HackTool:Win32/Mimikatz!pz","mimikatz.exe"
"msasn1.dll!ASN1_CreateDecoder","ad87ec5a797e31701aefb6261d2b6ce89c3959e36e1523382dce944be3f63704","HackTool:Win32/Mimikatz.D","mimikatz.exe"
"msasn1.dll!ASN1_CreateEncoder","9a3bf7ba676bf2f66b794f6cf27f8617f298caa4ccf2ac1ecdcbbef260306194","HackTool:Win32/Mimikatz","mimikatz.exe"
"msasn1.dll!ASN1_CreateEncoder","59f9bb49b41f3206b60b4d479000bf9fff7ef73fb1fda55b2eb13231482c8c22","HackTool:Win32/Mimikatz","mimikatz.exe"
"msasn1.dll!ASN1_CreateEncoder","b4f9beb47cc56ab08c571560df4496d3cc4656209597968a4c2e9b105ba475db","HackTool:Win32/Mimikatz","mimikatz.exe"
"msasn1.dll!ASN1_CreateEncoder","6e37a054bd7c49b233cace747951911f320bd43be8a79ce455b97403c2f7de2c","HackTool:Win32/Mimikatz!pz","mimikatz.exe"
"msasn1.dll!ASN1_CreateEncoder","61c0810a23580cf492a6ba4f7654566108331e7a4134c968c2d6a05261b2d8a1","HackTool:Win32/Mimikatz!pz","mimikatz.exe"
"msasn1.dll!ASN1_CreateEncoder","ad87ec5a797e31701aefb6261d2b6ce89c3959e36e1523382dce944be3f63704","HackTool:Win32/Mimikatz.D","mimikatz.exe"
"msasn1.dll!ASN1_CreateModule","b4f9beb47cc56ab08c571560df4496d3cc4656209597968a4c2e9b105ba475db","HackTool:Win32/Mimikatz","mimikatz.exe"
"msasn1.dll!ASN1_CreateModule","9a3bf7ba676bf2f66b794f6cf27f8617f298caa4ccf2ac1ecdcbbef260306194","HackTool:Win32/Mimikatz","mimikatz.exe"
"msasn1.dll!ASN1_CreateModule","59f9bb49b41f3206b60b4d479000bf9fff7ef73fb1fda55b2eb13231482c8c22","HackTool:Win32/Mimikatz","mimikatz.exe"
"msasn1.dll!ASN1_CreateModule","6e37a054bd7c49b233cace747951911f320bd43be8a79ce455b97403c2f7de2c","HackTool:Win32/Mimikatz!pz","mimikatz.exe"
"msasn1.dll!ASN1_CreateModule","61c0810a23580cf492a6ba4f7654566108331e7a4134c968c2d6a05261b2d8a1","HackTool:Win32/Mimikatz!pz","mimikatz.exe"
"msasn1.dll!ASN1_CreateModule","ad87ec5a797e31701aefb6261d2b6ce89c3959e36e1523382dce944be3f63704","HackTool:Win32/Mimikatz.D","mimikatz.exe"
"msasn1.dll!ASN1_FreeEncoded","59f9bb49b41f3206b60b4d479000bf9fff7ef73fb1fda55b2eb13231482c8c22","HackTool:Win32/Mimikatz","mimikatz.exe"
"msasn1.dll!ASN1_FreeEncoded","b4f9beb47cc56ab08c571560df4496d3cc4656209597968a4c2e9b105ba475db","HackTool:Win32/Mimikatz","mimikatz.exe"
"msasn1.dll!ASN1_FreeEncoded","9a3bf7ba676bf2f66b794f6cf27f8617f298caa4ccf2ac1ecdcbbef260306194","HackTool:Win32/Mimikatz","mimikatz.exe"
"msasn1.dll!ASN1_FreeEncoded","61c0810a23580cf492a6ba4f7654566108331e7a4134c968c2d6a05261b2d8a1","HackTool:Win32/Mimikatz!pz","mimikatz.exe"
"msasn1.dll!ASN1_FreeEncoded","6e37a054bd7c49b233cace747951911f320bd43be8a79ce455b97403c2f7de2c","HackTool:Win32/Mimikatz!pz","mimikatz.exe"
"msasn1.dll!ASN1_FreeEncoded","ad87ec5a797e31701aefb6261d2b6ce89c3959e36e1523382dce944be3f63704","HackTool:Win32/Mimikatz.D","mimikatz.exe"
"msasn1.dll!ASN1BERDotVal2Eoid","59f9bb49b41f3206b60b4d479000bf9fff7ef73fb1fda55b2eb13231482c8c22","HackTool:Win32/Mimikatz","mimikatz.exe"
"msasn1.dll!ASN1BERDotVal2Eoid","9a3bf7ba676bf2f66b794f6cf27f8617f298caa4ccf2ac1ecdcbbef260306194","HackTool:Win32/Mimikatz","mimikatz.exe"
"msasn1.dll!ASN1BERDotVal2Eoid","b4f9beb47cc56ab08c571560df4496d3cc4656209597968a4c2e9b105ba475db","HackTool:Win32/Mimikatz","mimikatz.exe"
"msasn1.dll!ASN1BERDotVal2Eoid","61c0810a23580cf492a6ba4f7654566108331e7a4134c968c2d6a05261b2d8a1","HackTool:Win32/Mimikatz!pz","mimikatz.exe"
"msasn1.dll!ASN1BERDotVal2Eoid","6e37a054bd7c49b233cace747951911f320bd43be8a79ce455b97403c2f7de2c","HackTool:Win32/Mimikatz!pz","mimikatz.exe"
"msasn1.dll!ASN1BERDotVal2Eoid","ad87ec5a797e31701aefb6261d2b6ce89c3959e36e1523382dce944be3f63704","HackTool:Win32/Mimikatz.D","mimikatz.exe"
"MSVCRT.dll!?_set_new_handler@@YAP6AHI@ZP6AHI@Z@Z","1ff6fa7ba5d8aa6bad9e0532d5e516e2e34bbd5012f4ceb362a0c68880a85b0d","VirTool:MSIL/Obispo.A","7ZSfxMod_x86.exe"
"MSVCRT.dll!_EH_prolog","1ff6fa7ba5d8aa6bad9e0532d5e516e2e34bbd5012f4ceb362a0c68880a85b0d","VirTool:MSIL/Obispo.A","7ZSfxMod_x86.exe"
"msvcrt.dll!mbstowcs_s","49db3c6cabe0c4a2a048960aec8f8a1127bc61a096e1cfdc28a63d5ff1cfb489","Trojan:Win64/Rozena.NA!MTB",
"msvcrt.dll!vfwprintf","9a3bf7ba676bf2f66b794f6cf27f8617f298caa4ccf2ac1ecdcbbef260306194","HackTool:Win32/Mimikatz","mimikatz.exe"
"msvcrt.dll!vfwprintf","b4f9beb47cc56ab08c571560df4496d3cc4656209597968a4c2e9b105ba475db","HackTool:Win32/Mimikatz","mimikatz.exe"
"msvcrt.dll!vfwprintf","59f9bb49b41f3206b60b4d479000bf9fff7ef73fb1fda55b2eb13231482c8c22","HackTool:Win32/Mimikatz","mimikatz.exe"
"msvcrt.dll!vfwprintf","6e37a054bd7c49b233cace747951911f320bd43be8a79ce455b97403c2f7de2c","HackTool:Win32/Mimikatz!pz","mimikatz.exe"
"msvcrt.dll!vfwprintf","61c0810a23580cf492a6ba4f7654566108331e7a4134c968c2d6a05261b2d8a1","HackTool:Win32/Mimikatz!pz","mimikatz.exe"
"msvcrt.dll!vwprintf","59f9bb49b41f3206b60b4d479000bf9fff7ef73fb1fda55b2eb13231482c8c22","HackTool:Win32/Mimikatz","mimikatz.exe"
"msvcrt.dll!vwprintf","b4f9beb47cc56ab08c571560df4496d3cc4656209597968a4c2e9b105ba475db","HackTool:Win32/Mimikatz","mimikatz.exe"
"msvcrt.dll!vwprintf","9a3bf7ba676bf2f66b794f6cf27f8617f298caa4ccf2ac1ecdcbbef260306194","HackTool:Win32/Mimikatz","mimikatz.exe"
"msvcrt.dll!vwprintf","6e37a054bd7c49b233cace747951911f320bd43be8a79ce455b97403c2f7de2c","HackTool:Win32/Mimikatz!pz","mimikatz.exe"
"msvcrt.dll!vwprintf","61c0810a23580cf492a6ba4f7654566108331e7a4134c968c2d6a05261b2d8a1","HackTool:Win32/Mimikatz!pz","mimikatz.exe"
"netapi32.dll!I_NetServerAuthenticate2","b4f9beb47cc56ab08c571560df4496d3cc4656209597968a4c2e9b105ba475db","HackTool:Win32/Mimikatz","mimikatz.exe"
"netapi32.dll!I_NetServerAuthenticate2","59f9bb49b41f3206b60b4d479000bf9fff7ef73fb1fda55b2eb13231482c8c22","HackTool:Win32/Mimikatz","mimikatz.exe"
"netapi32.dll!I_NetServerAuthenticate2","9a3bf7ba676bf2f66b794f6cf27f8617f298caa4ccf2ac1ecdcbbef260306194","HackTool:Win32/Mimikatz","mimikatz.exe"
"netapi32.dll!I_NetServerAuthenticate2","6e37a054bd7c49b233cace747951911f320bd43be8a79ce455b97403c2f7de2c","HackTool:Win32/Mimikatz!pz","mimikatz.exe"
"netapi32.dll!I_NetServerAuthenticate2","61c0810a23580cf492a6ba4f7654566108331e7a4134c968c2d6a05261b2d8a1","HackTool:Win32/Mimikatz!pz","mimikatz.exe"
"netapi32.dll!I_NetServerAuthenticate2","ad87ec5a797e31701aefb6261d2b6ce89c3959e36e1523382dce944be3f63704","HackTool:Win32/Mimikatz.D","mimikatz.exe"
"netapi32.dll!I_NetServerReqChallenge","b4f9beb47cc56ab08c571560df4496d3cc4656209597968a4c2e9b105ba475db","HackTool:Win32/Mimikatz","mimikatz.exe"
"netapi32.dll!I_NetServerReqChallenge","59f9bb49b41f3206b60b4d479000bf9fff7ef73fb1fda55b2eb13231482c8c22","HackTool:Win32/Mimikatz","mimikatz.exe"
"netapi32.dll!I_NetServerReqChallenge","9a3bf7ba676bf2f66b794f6cf27f8617f298caa4ccf2ac1ecdcbbef260306194","HackTool:Win32/Mimikatz","mimikatz.exe"
"netapi32.dll!I_NetServerReqChallenge","6e37a054bd7c49b233cace747951911f320bd43be8a79ce455b97403c2f7de2c","HackTool:Win32/Mimikatz!pz","mimikatz.exe"
"netapi32.dll!I_NetServerReqChallenge","61c0810a23580cf492a6ba4f7654566108331e7a4134c968c2d6a05261b2d8a1","HackTool:Win32/Mimikatz!pz","mimikatz.exe"
"netapi32.dll!I_NetServerReqChallenge","ad87ec5a797e31701aefb6261d2b6ce89c3959e36e1523382dce944be3f63704","HackTool:Win32/Mimikatz.D","mimikatz.exe"
"netapi32.dll!I_NetServerTrustPasswordsGet","59f9bb49b41f3206b60b4d479000bf9fff7ef73fb1fda55b2eb13231482c8c22","HackTool:Win32/Mimikatz","mimikatz.exe"
"netapi32.dll!I_NetServerTrustPasswordsGet","b4f9beb47cc56ab08c571560df4496d3cc4656209597968a4c2e9b105ba475db","HackTool:Win32/Mimikatz","mimikatz.exe"
"netapi32.dll!I_NetServerTrustPasswordsGet","9a3bf7ba676bf2f66b794f6cf27f8617f298caa4ccf2ac1ecdcbbef260306194","HackTool:Win32/Mimikatz","mimikatz.exe"
"netapi32.dll!I_NetServerTrustPasswordsGet","6e37a054bd7c49b233cace747951911f320bd43be8a79ce455b97403c2f7de2c","HackTool:Win32/Mimikatz!pz","mimikatz.exe"
"netapi32.dll!I_NetServerTrustPasswordsGet","61c0810a23580cf492a6ba4f7654566108331e7a4134c968c2d6a05261b2d8a1","HackTool:Win32/Mimikatz!pz","mimikatz.exe"
"netapi32.dll!I_NetServerTrustPasswordsGet","ad87ec5a797e31701aefb6261d2b6ce89c3959e36e1523382dce944be3f63704","HackTool:Win32/Mimikatz.D","mimikatz.exe"
"NETAPI32.dll!NetGroupAddUser","9f5f3a9ce156213445d08d1a9ea99356d2136924dc28a8ceca6d528f9dbd718b","HackTool:Win32/Incognito","incognito.exe"
"NETAPI32.dll!NetRemoteTOD","9a3bf7ba676bf2f66b794f6cf27f8617f298caa4ccf2ac1ecdcbbef260306194","HackTool:Win32/Mimikatz","mimikatz.exe"
"NETAPI32.dll!NetRemoteTOD","59f9bb49b41f3206b60b4d479000bf9fff7ef73fb1fda55b2eb13231482c8c22","HackTool:Win32/Mimikatz","mimikatz.exe"
"NETAPI32.dll!NetRemoteTOD","b4f9beb47cc56ab08c571560df4496d3cc4656209597968a4c2e9b105ba475db","HackTool:Win32/Mimikatz","mimikatz.exe"
"NETAPI32.dll!NetRemoteTOD","6e37a054bd7c49b233cace747951911f320bd43be8a79ce455b97403c2f7de2c","HackTool:Win32/Mimikatz!pz","mimikatz.exe"
"NETAPI32.dll!NetRemoteTOD","61c0810a23580cf492a6ba4f7654566108331e7a4134c968c2d6a05261b2d8a1","HackTool:Win32/Mimikatz!pz","mimikatz.exe"
"NETAPI32.dll!NetRemoteTOD","ad87ec5a797e31701aefb6261d2b6ce89c3959e36e1523382dce944be3f63704","HackTool:Win32/Mimikatz.D","mimikatz.exe"
"NETAPI32.dll!NetStatisticsGet","b4f9beb47cc56ab08c571560df4496d3cc4656209597968a4c2e9b105ba475db","HackTool:Win32/Mimikatz","mimikatz.exe"
"NETAPI32.dll!NetStatisticsGet","9a3bf7ba676bf2f66b794f6cf27f8617f298caa4ccf2ac1ecdcbbef260306194","HackTool:Win32/Mimikatz","mimikatz.exe"
"NETAPI32.dll!NetStatisticsGet","59f9bb49b41f3206b60b4d479000bf9fff7ef73fb1fda55b2eb13231482c8c22","HackTool:Win32/Mimikatz","mimikatz.exe"
"NETAPI32.dll!NetStatisticsGet","6e37a054bd7c49b233cace747951911f320bd43be8a79ce455b97403c2f7de2c","HackTool:Win32/Mimikatz!pz","mimikatz.exe"
"NETAPI32.dll!NetStatisticsGet","61c0810a23580cf492a6ba4f7654566108331e7a4134c968c2d6a05261b2d8a1","HackTool:Win32/Mimikatz!pz","mimikatz.exe"
"NETAPI32.dll!NetStatisticsGet","ad87ec5a797e31701aefb6261d2b6ce89c3959e36e1523382dce944be3f63704","HackTool:Win32/Mimikatz.D","mimikatz.exe"
"ntdll.dll!_strcmpi","61c0810a23580cf492a6ba4f7654566108331e7a4134c968c2d6a05261b2d8a1","HackTool:Win32/Mimikatz!pz","mimikatz.exe"
"ntdll.dll!_vscwprintf","b4f9beb47cc56ab08c571560df4496d3cc4656209597968a4c2e9b105ba475db","HackTool:Win32/Mimikatz","mimikatz.exe"
"ntdll.dll!_vscwprintf","9a3bf7ba676bf2f66b794f6cf27f8617f298caa4ccf2ac1ecdcbbef260306194","HackTool:Win32/Mimikatz","mimikatz.exe"
"ntdll.dll!_vscwprintf","61c0810a23580cf492a6ba4f7654566108331e7a4134c968c2d6a05261b2d8a1","HackTool:Win32/Mimikatz!pz","mimikatz.exe"
"ntdll.dll!_vsnprintf","b4f9beb47cc56ab08c571560df4496d3cc4656209597968a4c2e9b105ba475db","HackTool:Win32/Mimikatz","mimikatz.exe"
"ntdll.dll!_vsnprintf","9a3bf7ba676bf2f66b794f6cf27f8617f298caa4ccf2ac1ecdcbbef260306194","HackTool:Win32/Mimikatz","mimikatz.exe"
"ntdll.dll!_vsnprintf","61c0810a23580cf492a6ba4f7654566108331e7a4134c968c2d6a05261b2d8a1","HackTool:Win32/Mimikatz!pz","mimikatz.exe"
"ntdll.dll!_wcsicmp","9a3bf7ba676bf2f66b794f6cf27f8617f298caa4ccf2ac1ecdcbbef260306194","HackTool:Win32/Mimikatz","mimikatz.exe"
"ntdll.dll!_wcsicmp","b4f9beb47cc56ab08c571560df4496d3cc4656209597968a4c2e9b105ba475db","HackTool:Win32/Mimikatz","mimikatz.exe"
"ntdll.dll!_wcsicmp","61c0810a23580cf492a6ba4f7654566108331e7a4134c968c2d6a05261b2d8a1","HackTool:Win32/Mimikatz!pz","mimikatz.exe"
"ntdll.dll!LdrEnumerateLoadedModules","5442c84a32452263681d17938861a04876e9284a188e29c0d56adf2663370069","VirTool:Win32/ColorUAC.A!MTB","2025-07-16_af864044e456fff4459a7f47cad31f8b_black-basta_cobalt-strike_lockbit_luca-stealer_satacom_vidar"
"ntdll.dll!log","61c0810a23580cf492a6ba4f7654566108331e7a4134c968c2d6a05261b2d8a1","HackTool:Win32/Mimikatz!pz","mimikatz.exe"
"ntdll.dll!NtCompareTokens","59f9bb49b41f3206b60b4d479000bf9fff7ef73fb1fda55b2eb13231482c8c22","HackTool:Win32/Mimikatz","mimikatz.exe"
"ntdll.dll!NtCompareTokens","9a3bf7ba676bf2f66b794f6cf27f8617f298caa4ccf2ac1ecdcbbef260306194","HackTool:Win32/Mimikatz","mimikatz.exe"
"ntdll.dll!NtCompareTokens","b4f9beb47cc56ab08c571560df4496d3cc4656209597968a4c2e9b105ba475db","HackTool:Win32/Mimikatz","mimikatz.exe"
"ntdll.dll!NtCompareTokens","61c0810a23580cf492a6ba4f7654566108331e7a4134c968c2d6a05261b2d8a1","HackTool:Win32/Mimikatz!pz","mimikatz.exe"
"ntdll.dll!NtCompareTokens","6e37a054bd7c49b233cace747951911f320bd43be8a79ce455b97403c2f7de2c","HackTool:Win32/Mimikatz!pz","mimikatz.exe"
"ntdll.dll!NtCompareTokens","ad87ec5a797e31701aefb6261d2b6ce89c3959e36e1523382dce944be3f63704","HackTool:Win32/Mimikatz.D","mimikatz.exe"
"ntdll.dll!NtEnumerateSystemEnvironmentValuesEx","9a3bf7ba676bf2f66b794f6cf27f8617f298caa4ccf2ac1ecdcbbef260306194","HackTool:Win32/Mimikatz","mimikatz.exe"
"ntdll.dll!NtEnumerateSystemEnvironmentValuesEx","b4f9beb47cc56ab08c571560df4496d3cc4656209597968a4c2e9b105ba475db","HackTool:Win32/Mimikatz","mimikatz.exe"
"ntdll.dll!NtEnumerateSystemEnvironmentValuesEx","59f9bb49b41f3206b60b4d479000bf9fff7ef73fb1fda55b2eb13231482c8c22","HackTool:Win32/Mimikatz","mimikatz.exe"
"ntdll.dll!NtEnumerateSystemEnvironmentValuesEx","61c0810a23580cf492a6ba4f7654566108331e7a4134c968c2d6a05261b2d8a1","HackTool:Win32/Mimikatz!pz","mimikatz.exe"
"ntdll.dll!NtEnumerateSystemEnvironmentValuesEx","6e37a054bd7c49b233cace747951911f320bd43be8a79ce455b97403c2f7de2c","HackTool:Win32/Mimikatz!pz","mimikatz.exe"
"ntdll.dll!NtEnumerateSystemEnvironmentValuesEx","ad87ec5a797e31701aefb6261d2b6ce89c3959e36e1523382dce944be3f63704","HackTool:Win32/Mimikatz.D","mimikatz.exe"
"ntdll.dll!NtGetContextThread","e777878b5646f81f78a07c4802dc203a3db8a49c71fa9377127bf7875d3e7b13","Trojan:Win64/Malgent!MSR",
"ntdll.dll!NtResumeThread","e777878b5646f81f78a07c4802dc203a3db8a49c71fa9377127bf7875d3e7b13","Trojan:Win64/Malgent!MSR",
"ntdll.dll!NtSetContextThread","e777878b5646f81f78a07c4802dc203a3db8a49c71fa9377127bf7875d3e7b13","Trojan:Win64/Malgent!MSR",
"ntdll.dll!NtSetSystemEnvironmentValueEx","59f9bb49b41f3206b60b4d479000bf9fff7ef73fb1fda55b2eb13231482c8c22","HackTool:Win32/Mimikatz","mimikatz.exe"
"ntdll.dll!NtSetSystemEnvironmentValueEx","b4f9beb47cc56ab08c571560df4496d3cc4656209597968a4c2e9b105ba475db","HackTool:Win32/Mimikatz","mimikatz.exe"
"ntdll.dll!NtSetSystemEnvironmentValueEx","9a3bf7ba676bf2f66b794f6cf27f8617f298caa4ccf2ac1ecdcbbef260306194","HackTool:Win32/Mimikatz","mimikatz.exe"
"ntdll.dll!NtSetSystemEnvironmentValueEx","61c0810a23580cf492a6ba4f7654566108331e7a4134c968c2d6a05261b2d8a1","HackTool:Win32/Mimikatz!pz","mimikatz.exe"
"ntdll.dll!NtSetSystemEnvironmentValueEx","6e37a054bd7c49b233cace747951911f320bd43be8a79ce455b97403c2f7de2c","HackTool:Win32/Mimikatz!pz","mimikatz.exe"
"ntdll.dll!NtSetSystemEnvironmentValueEx","ad87ec5a797e31701aefb6261d2b6ce89c3959e36e1523382dce944be3f63704","HackTool:Win32/Mimikatz.D","mimikatz.exe"
"ntdll.dll!RtlAcquirePebLock","5442c84a32452263681d17938861a04876e9284a188e29c0d56adf2663370069","VirTool:Win32/ColorUAC.A!MTB","2025-07-16_af864044e456fff4459a7f47cad31f8b_black-basta_cobalt-strike_lockbit_luca-stealer_satacom_vidar"
"ntdll.dll!RtlCreateUserThread","59f9bb49b41f3206b60b4d479000bf9fff7ef73fb1fda55b2eb13231482c8c22","HackTool:Win32/Mimikatz","mimikatz.exe"
"ntdll.dll!RtlCreateUserThread","b4f9beb47cc56ab08c571560df4496d3cc4656209597968a4c2e9b105ba475db","HackTool:Win32/Mimikatz","mimikatz.exe"
"ntdll.dll!RtlCreateUserThread","9a3bf7ba676bf2f66b794f6cf27f8617f298caa4ccf2ac1ecdcbbef260306194","HackTool:Win32/Mimikatz","mimikatz.exe"
"ntdll.dll!RtlCreateUserThread","61c0810a23580cf492a6ba4f7654566108331e7a4134c968c2d6a05261b2d8a1","HackTool:Win32/Mimikatz!pz","mimikatz.exe"
"ntdll.dll!RtlCreateUserThread","6e37a054bd7c49b233cace747951911f320bd43be8a79ce455b97403c2f7de2c","HackTool:Win32/Mimikatz!pz","mimikatz.exe"
"ntdll.dll!RtlCreateUserThread","ad87ec5a797e31701aefb6261d2b6ce89c3959e36e1523382dce944be3f63704","HackTool:Win32/Mimikatz.D","mimikatz.exe"
"ntdll.dll!RtlDowncaseUnicodeString","59f9bb49b41f3206b60b4d479000bf9fff7ef73fb1fda55b2eb13231482c8c22","HackTool:Win32/Mimikatz","mimikatz.exe"
"ntdll.dll!RtlDowncaseUnicodeString","b4f9beb47cc56ab08c571560df4496d3cc4656209597968a4c2e9b105ba475db","HackTool:Win32/Mimikatz","mimikatz.exe"
"ntdll.dll!RtlDowncaseUnicodeString","9a3bf7ba676bf2f66b794f6cf27f8617f298caa4ccf2ac1ecdcbbef260306194","HackTool:Win32/Mimikatz","mimikatz.exe"
"ntdll.dll!RtlDowncaseUnicodeString","6e37a054bd7c49b233cace747951911f320bd43be8a79ce455b97403c2f7de2c","HackTool:Win32/Mimikatz!pz","mimikatz.exe"
"ntdll.dll!RtlDowncaseUnicodeString","61c0810a23580cf492a6ba4f7654566108331e7a4134c968c2d6a05261b2d8a1","HackTool:Win32/Mimikatz!pz","mimikatz.exe"
"ntdll.dll!RtlDowncaseUnicodeString","ad87ec5a797e31701aefb6261d2b6ce89c3959e36e1523382dce944be3f63704","HackTool:Win32/Mimikatz.D","mimikatz.exe"
"ntdll.dll!RtlEqualString","b4f9beb47cc56ab08c571560df4496d3cc4656209597968a4c2e9b105ba475db","HackTool:Win32/Mimikatz","mimikatz.exe"
"ntdll.dll!RtlEqualString","59f9bb49b41f3206b60b4d479000bf9fff7ef73fb1fda55b2eb13231482c8c22","HackTool:Win32/Mimikatz","mimikatz.exe"
"ntdll.dll!RtlEqualString","9a3bf7ba676bf2f66b794f6cf27f8617f298caa4ccf2ac1ecdcbbef260306194","HackTool:Win32/Mimikatz","mimikatz.exe"
"ntdll.dll!RtlEqualString","61c0810a23580cf492a6ba4f7654566108331e7a4134c968c2d6a05261b2d8a1","HackTool:Win32/Mimikatz!pz","mimikatz.exe"
"ntdll.dll!RtlEqualString","6e37a054bd7c49b233cace747951911f320bd43be8a79ce455b97403c2f7de2c","HackTool:Win32/Mimikatz!pz","mimikatz.exe"
"ntdll.dll!RtlEqualString","ad87ec5a797e31701aefb6261d2b6ce89c3959e36e1523382dce944be3f63704","HackTool:Win32/Mimikatz.D","mimikatz.exe"
"ntdll.dll!RtlFreeOemString","b4f9beb47cc56ab08c571560df4496d3cc4656209597968a4c2e9b105ba475db","HackTool:Win32/Mimikatz","mimikatz.exe"
"ntdll.dll!RtlFreeOemString","59f9bb49b41f3206b60b4d479000bf9fff7ef73fb1fda55b2eb13231482c8c22","HackTool:Win32/Mimikatz","mimikatz.exe"
"ntdll.dll!RtlFreeOemString","9a3bf7ba676bf2f66b794f6cf27f8617f298caa4ccf2ac1ecdcbbef260306194","HackTool:Win32/Mimikatz","mimikatz.exe"
"ntdll.dll!RtlFreeOemString","61c0810a23580cf492a6ba4f7654566108331e7a4134c968c2d6a05261b2d8a1","HackTool:Win32/Mimikatz!pz","mimikatz.exe"
"ntdll.dll!RtlFreeOemString","6e37a054bd7c49b233cace747951911f320bd43be8a79ce455b97403c2f7de2c","HackTool:Win32/Mimikatz!pz","mimikatz.exe"
"ntdll.dll!RtlFreeOemString","ad87ec5a797e31701aefb6261d2b6ce89c3959e36e1523382dce944be3f63704","HackTool:Win32/Mimikatz.D","mimikatz.exe"
"ntdll.dll!RtlGetCurrentPeb","9a3bf7ba676bf2f66b794f6cf27f8617f298caa4ccf2ac1ecdcbbef260306194","HackTool:Win32/Mimikatz","mimikatz.exe"
"ntdll.dll!RtlGetCurrentPeb","b4f9beb47cc56ab08c571560df4496d3cc4656209597968a4c2e9b105ba475db","HackTool:Win32/Mimikatz","mimikatz.exe"
"ntdll.dll!RtlGetCurrentPeb","59f9bb49b41f3206b60b4d479000bf9fff7ef73fb1fda55b2eb13231482c8c22","HackTool:Win32/Mimikatz","mimikatz.exe"
"ntdll.dll!RtlGetCurrentPeb","61c0810a23580cf492a6ba4f7654566108331e7a4134c968c2d6a05261b2d8a1","HackTool:Win32/Mimikatz!pz","mimikatz.exe"
"ntdll.dll!RtlGetCurrentPeb","6e37a054bd7c49b233cace747951911f320bd43be8a79ce455b97403c2f7de2c","HackTool:Win32/Mimikatz!pz","mimikatz.exe"
"ntdll.dll!RtlGetCurrentPeb","ad87ec5a797e31701aefb6261d2b6ce89c3959e36e1523382dce944be3f63704","HackTool:Win32/Mimikatz.D","mimikatz.exe"
"ntdll.dll!RtlRbInsertNodeEx","ed547b6a2064106be1734dbf097f4d117ea2754e01bde37657075bd8a97e04d1","Unknown","C:\Windows\m1jwje.exe"
"ntdll.dll!RtlReleasePebLock","5442c84a32452263681d17938861a04876e9284a188e29c0d56adf2663370069","VirTool:Win32/ColorUAC.A!MTB","2025-07-16_af864044e456fff4459a7f47cad31f8b_black-basta_cobalt-strike_lockbit_luca-stealer_satacom_vidar"
"ntdll.dll!RtlUpcaseUnicodeStringToOemString","59f9bb49b41f3206b60b4d479000bf9fff7ef73fb1fda55b2eb13231482c8c22","HackTool:Win32/Mimikatz","mimikatz.exe"
"ntdll.dll!RtlUpcaseUnicodeStringToOemString","b4f9beb47cc56ab08c571560df4496d3cc4656209597968a4c2e9b105ba475db","HackTool:Win32/Mimikatz","mimikatz.exe"
"ntdll.dll!RtlUpcaseUnicodeStringToOemString","9a3bf7ba676bf2f66b794f6cf27f8617f298caa4ccf2ac1ecdcbbef260306194","HackTool:Win32/Mimikatz","mimikatz.exe"
"ntdll.dll!RtlUpcaseUnicodeStringToOemString","61c0810a23580cf492a6ba4f7654566108331e7a4134c968c2d6a05261b2d8a1","HackTool:Win32/Mimikatz!pz","mimikatz.exe"
"ntdll.dll!RtlUpcaseUnicodeStringToOemString","6e37a054bd7c49b233cace747951911f320bd43be8a79ce455b97403c2f7de2c","HackTool:Win32/Mimikatz!pz","mimikatz.exe"
"ntdll.dll!RtlUpcaseUnicodeStringToOemString","ad87ec5a797e31701aefb6261d2b6ce89c3959e36e1523382dce944be3f63704","HackTool:Win32/Mimikatz.D","mimikatz.exe"
"ntdll.dll!towupper","b4f9beb47cc56ab08c571560df4496d3cc4656209597968a4c2e9b105ba475db","HackTool:Win32/Mimikatz","mimikatz.exe"
"ntdll.dll!towupper","9a3bf7ba676bf2f66b794f6cf27f8617f298caa4ccf2ac1ecdcbbef260306194","HackTool:Win32/Mimikatz","mimikatz.exe"
"ntdll.dll!towupper","61c0810a23580cf492a6ba4f7654566108331e7a4134c968c2d6a05261b2d8a1","HackTool:Win32/Mimikatz!pz","mimikatz.exe"
"ntdll.dll!wcstoul","b4f9beb47cc56ab08c571560df4496d3cc4656209597968a4c2e9b105ba475db","HackTool:Win32/Mimikatz","mimikatz.exe"
"ntdll.dll!wcstoul","9a3bf7ba676bf2f66b794f6cf27f8617f298caa4ccf2ac1ecdcbbef260306194","HackTool:Win32/Mimikatz","mimikatz.exe"
"ntdll.dll!wcstoul","61c0810a23580cf492a6ba4f7654566108331e7a4134c968c2d6a05261b2d8a1","HackTool:Win32/Mimikatz!pz","mimikatz.exe"
"ole32.dll!CoGetInstanceFromIStorage","0f56c703e9b7ddeb90646927bac05a5c6d95308c8e13b88e5d4f4b572423e036","HackTool:Win64/Juicypotato","jp.exe"
"RPCRT4.dll!I_RpcBindingInqSecurityContext","b4f9beb47cc56ab08c571560df4496d3cc4656209597968a4c2e9b105ba475db","HackTool:Win32/Mimikatz","mimikatz.exe"
"RPCRT4.dll!I_RpcBindingInqSecurityContext","9a3bf7ba676bf2f66b794f6cf27f8617f298caa4ccf2ac1ecdcbbef260306194","HackTool:Win32/Mimikatz","mimikatz.exe"
"RPCRT4.dll!I_RpcBindingInqSecurityContext","59f9bb49b41f3206b60b4d479000bf9fff7ef73fb1fda55b2eb13231482c8c22","HackTool:Win32/Mimikatz","mimikatz.exe"
"RPCRT4.dll!I_RpcBindingInqSecurityContext","6e37a054bd7c49b233cace747951911f320bd43be8a79ce455b97403c2f7de2c","HackTool:Win32/Mimikatz!pz","mimikatz.exe"
"RPCRT4.dll!I_RpcBindingInqSecurityContext","61c0810a23580cf492a6ba4f7654566108331e7a4134c968c2d6a05261b2d8a1","HackTool:Win32/Mimikatz!pz","mimikatz.exe"
"RPCRT4.dll!I_RpcBindingInqSecurityContext","ad87ec5a797e31701aefb6261d2b6ce89c3959e36e1523382dce944be3f63704","HackTool:Win32/Mimikatz.D","mimikatz.exe"
"RPCRT4.dll!I_RpcGetCurrentCallHandle","b4f9beb47cc56ab08c571560df4496d3cc4656209597968a4c2e9b105ba475db","HackTool:Win32/Mimikatz","mimikatz.exe"
"RPCRT4.dll!I_RpcGetCurrentCallHandle","9a3bf7ba676bf2f66b794f6cf27f8617f298caa4ccf2ac1ecdcbbef260306194","HackTool:Win32/Mimikatz","mimikatz.exe"
"RPCRT4.dll!I_RpcGetCurrentCallHandle","59f9bb49b41f3206b60b4d479000bf9fff7ef73fb1fda55b2eb13231482c8c22","HackTool:Win32/Mimikatz","mimikatz.exe"
"RPCRT4.dll!I_RpcGetCurrentCallHandle","6e37a054bd7c49b233cace747951911f320bd43be8a79ce455b97403c2f7de2c","HackTool:Win32/Mimikatz!pz","mimikatz.exe"
"RPCRT4.dll!I_RpcGetCurrentCallHandle","61c0810a23580cf492a6ba4f7654566108331e7a4134c968c2d6a05261b2d8a1","HackTool:Win32/Mimikatz!pz","mimikatz.exe"
"RPCRT4.dll!I_RpcGetCurrentCallHandle","ad87ec5a797e31701aefb6261d2b6ce89c3959e36e1523382dce944be3f63704","HackTool:Win32/Mimikatz.D","mimikatz.exe"
"RPCRT4.dll!MesDecodeIncrementalHandleCreate","59f9bb49b41f3206b60b4d479000bf9fff7ef73fb1fda55b2eb13231482c8c22","HackTool:Win32/Mimikatz","mimikatz.exe"
"RPCRT4.dll!MesDecodeIncrementalHandleCreate","b4f9beb47cc56ab08c571560df4496d3cc4656209597968a4c2e9b105ba475db","HackTool:Win32/Mimikatz","mimikatz.exe"
"RPCRT4.dll!MesDecodeIncrementalHandleCreate","9a3bf7ba676bf2f66b794f6cf27f8617f298caa4ccf2ac1ecdcbbef260306194","HackTool:Win32/Mimikatz","mimikatz.exe"
"RPCRT4.dll!MesDecodeIncrementalHandleCreate","61c0810a23580cf492a6ba4f7654566108331e7a4134c968c2d6a05261b2d8a1","HackTool:Win32/Mimikatz!pz","mimikatz.exe"
"RPCRT4.dll!MesDecodeIncrementalHandleCreate","6e37a054bd7c49b233cace747951911f320bd43be8a79ce455b97403c2f7de2c","HackTool:Win32/Mimikatz!pz","mimikatz.exe"
"RPCRT4.dll!MesDecodeIncrementalHandleCreate","ad87ec5a797e31701aefb6261d2b6ce89c3959e36e1523382dce944be3f63704","HackTool:Win32/Mimikatz.D","mimikatz.exe"
"RPCRT4.dll!MesEncodeIncrementalHandleCreate","9a3bf7ba676bf2f66b794f6cf27f8617f298caa4ccf2ac1ecdcbbef260306194","HackTool:Win32/Mimikatz","mimikatz.exe"
"RPCRT4.dll!MesEncodeIncrementalHandleCreate","b4f9beb47cc56ab08c571560df4496d3cc4656209597968a4c2e9b105ba475db","HackTool:Win32/Mimikatz","mimikatz.exe"
"RPCRT4.dll!MesEncodeIncrementalHandleCreate","59f9bb49b41f3206b60b4d479000bf9fff7ef73fb1fda55b2eb13231482c8c22","HackTool:Win32/Mimikatz","mimikatz.exe"
"RPCRT4.dll!MesEncodeIncrementalHandleCreate","6e37a054bd7c49b233cace747951911f320bd43be8a79ce455b97403c2f7de2c","HackTool:Win32/Mimikatz!pz","mimikatz.exe"
"RPCRT4.dll!MesEncodeIncrementalHandleCreate","61c0810a23580cf492a6ba4f7654566108331e7a4134c968c2d6a05261b2d8a1","HackTool:Win32/Mimikatz!pz","mimikatz.exe"
"RPCRT4.dll!MesEncodeIncrementalHandleCreate","ad87ec5a797e31701aefb6261d2b6ce89c3959e36e1523382dce944be3f63704","HackTool:Win32/Mimikatz.D","mimikatz.exe"
"RPCRT4.dll!MesHandleFree","b4f9beb47cc56ab08c571560df4496d3cc4656209597968a4c2e9b105ba475db","HackTool:Win32/Mimikatz","mimikatz.exe"
"RPCRT4.dll!MesHandleFree","59f9bb49b41f3206b60b4d479000bf9fff7ef73fb1fda55b2eb13231482c8c22","HackTool:Win32/Mimikatz","mimikatz.exe"
"RPCRT4.dll!MesHandleFree","9a3bf7ba676bf2f66b794f6cf27f8617f298caa4ccf2ac1ecdcbbef260306194","HackTool:Win32/Mimikatz","mimikatz.exe"
"RPCRT4.dll!MesHandleFree","6e37a054bd7c49b233cace747951911f320bd43be8a79ce455b97403c2f7de2c","HackTool:Win32/Mimikatz!pz","mimikatz.exe"
"RPCRT4.dll!MesHandleFree","61c0810a23580cf492a6ba4f7654566108331e7a4134c968c2d6a05261b2d8a1","HackTool:Win32/Mimikatz!pz","mimikatz.exe"
"RPCRT4.dll!MesHandleFree","ad87ec5a797e31701aefb6261d2b6ce89c3959e36e1523382dce944be3f63704","HackTool:Win32/Mimikatz.D","mimikatz.exe"
"RPCRT4.dll!MesIncrementalHandleReset","59f9bb49b41f3206b60b4d479000bf9fff7ef73fb1fda55b2eb13231482c8c22","HackTool:Win32/Mimikatz","mimikatz.exe"
"RPCRT4.dll!MesIncrementalHandleReset","9a3bf7ba676bf2f66b794f6cf27f8617f298caa4ccf2ac1ecdcbbef260306194","HackTool:Win32/Mimikatz","mimikatz.exe"
"RPCRT4.dll!MesIncrementalHandleReset","b4f9beb47cc56ab08c571560df4496d3cc4656209597968a4c2e9b105ba475db","HackTool:Win32/Mimikatz","mimikatz.exe"
"RPCRT4.dll!MesIncrementalHandleReset","61c0810a23580cf492a6ba4f7654566108331e7a4134c968c2d6a05261b2d8a1","HackTool:Win32/Mimikatz!pz","mimikatz.exe"
"RPCRT4.dll!MesIncrementalHandleReset","6e37a054bd7c49b233cace747951911f320bd43be8a79ce455b97403c2f7de2c","HackTool:Win32/Mimikatz!pz","mimikatz.exe"
"RPCRT4.dll!MesIncrementalHandleReset","ad87ec5a797e31701aefb6261d2b6ce89c3959e36e1523382dce944be3f63704","HackTool:Win32/Mimikatz.D","mimikatz.exe"
"RPCRT4.dll!NdrMesTypeAlignSize2","59f9bb49b41f3206b60b4d479000bf9fff7ef73fb1fda55b2eb13231482c8c22","HackTool:Win32/Mimikatz","mimikatz.exe"
"RPCRT4.dll!NdrMesTypeAlignSize2","9a3bf7ba676bf2f66b794f6cf27f8617f298caa4ccf2ac1ecdcbbef260306194","HackTool:Win32/Mimikatz","mimikatz.exe"
"RPCRT4.dll!NdrMesTypeAlignSize2","b4f9beb47cc56ab08c571560df4496d3cc4656209597968a4c2e9b105ba475db","HackTool:Win32/Mimikatz","mimikatz.exe"
"RPCRT4.dll!NdrMesTypeAlignSize2","61c0810a23580cf492a6ba4f7654566108331e7a4134c968c2d6a05261b2d8a1","HackTool:Win32/Mimikatz!pz","mimikatz.exe"
"RPCRT4.dll!NdrMesTypeAlignSize2","6e37a054bd7c49b233cace747951911f320bd43be8a79ce455b97403c2f7de2c","HackTool:Win32/Mimikatz!pz","mimikatz.exe"
"RPCRT4.dll!NdrMesTypeAlignSize2","ad87ec5a797e31701aefb6261d2b6ce89c3959e36e1523382dce944be3f63704","HackTool:Win32/Mimikatz.D","mimikatz.exe"
"RPCRT4.dll!NdrMesTypeDecode2","59f9bb49b41f3206b60b4d479000bf9fff7ef73fb1fda55b2eb13231482c8c22","HackTool:Win32/Mimikatz","mimikatz.exe"
"RPCRT4.dll!NdrMesTypeDecode2","9a3bf7ba676bf2f66b794f6cf27f8617f298caa4ccf2ac1ecdcbbef260306194","HackTool:Win32/Mimikatz","mimikatz.exe"
"RPCRT4.dll!NdrMesTypeDecode2","b4f9beb47cc56ab08c571560df4496d3cc4656209597968a4c2e9b105ba475db","HackTool:Win32/Mimikatz","mimikatz.exe"
"RPCRT4.dll!NdrMesTypeDecode2","6e37a054bd7c49b233cace747951911f320bd43be8a79ce455b97403c2f7de2c","HackTool:Win32/Mimikatz!pz","mimikatz.exe"
"RPCRT4.dll!NdrMesTypeDecode2","61c0810a23580cf492a6ba4f7654566108331e7a4134c968c2d6a05261b2d8a1","HackTool:Win32/Mimikatz!pz","mimikatz.exe"
"RPCRT4.dll!NdrMesTypeDecode2","ad87ec5a797e31701aefb6261d2b6ce89c3959e36e1523382dce944be3f63704","HackTool:Win32/Mimikatz.D","mimikatz.exe"
"RPCRT4.dll!NdrMesTypeEncode2","b4f9beb47cc56ab08c571560df4496d3cc4656209597968a4c2e9b105ba475db","HackTool:Win32/Mimikatz","mimikatz.exe"
"RPCRT4.dll!NdrMesTypeEncode2","59f9bb49b41f3206b60b4d479000bf9fff7ef73fb1fda55b2eb13231482c8c22","HackTool:Win32/Mimikatz","mimikatz.exe"
"RPCRT4.dll!NdrMesTypeEncode2","9a3bf7ba676bf2f66b794f6cf27f8617f298caa4ccf2ac1ecdcbbef260306194","HackTool:Win32/Mimikatz","mimikatz.exe"
"RPCRT4.dll!NdrMesTypeEncode2","6e37a054bd7c49b233cace747951911f320bd43be8a79ce455b97403c2f7de2c","HackTool:Win32/Mimikatz!pz","mimikatz.exe"
"RPCRT4.dll!NdrMesTypeEncode2","61c0810a23580cf492a6ba4f7654566108331e7a4134c968c2d6a05261b2d8a1","HackTool:Win32/Mimikatz!pz","mimikatz.exe"
"RPCRT4.dll!NdrMesTypeEncode2","ad87ec5a797e31701aefb6261d2b6ce89c3959e36e1523382dce944be3f63704","HackTool:Win32/Mimikatz.D","mimikatz.exe"
"RPCRT4.dll!NdrMesTypeFree2","9a3bf7ba676bf2f66b794f6cf27f8617f298caa4ccf2ac1ecdcbbef260306194","HackTool:Win32/Mimikatz","mimikatz.exe"
"RPCRT4.dll!NdrMesTypeFree2","59f9bb49b41f3206b60b4d479000bf9fff7ef73fb1fda55b2eb13231482c8c22","HackTool:Win32/Mimikatz","mimikatz.exe"
"RPCRT4.dll!NdrMesTypeFree2","b4f9beb47cc56ab08c571560df4496d3cc4656209597968a4c2e9b105ba475db","HackTool:Win32/Mimikatz","mimikatz.exe"
"RPCRT4.dll!NdrMesTypeFree2","6e37a054bd7c49b233cace747951911f320bd43be8a79ce455b97403c2f7de2c","HackTool:Win32/Mimikatz!pz","mimikatz.exe"
"RPCRT4.dll!NdrMesTypeFree2","61c0810a23580cf492a6ba4f7654566108331e7a4134c968c2d6a05261b2d8a1","HackTool:Win32/Mimikatz!pz","mimikatz.exe"
"RPCRT4.dll!NdrMesTypeFree2","ad87ec5a797e31701aefb6261d2b6ce89c3959e36e1523382dce944be3f63704","HackTool:Win32/Mimikatz.D","mimikatz.exe"
"RPCRT4.dll!RpcBindingSetObject","61c0810a23580cf492a6ba4f7654566108331e7a4134c968c2d6a05261b2d8a1","HackTool:Win32/Mimikatz!pz","mimikatz.exe"
"RPCRT4.dll!RpcBindingSetObject","ad87ec5a797e31701aefb6261d2b6ce89c3959e36e1523382dce944be3f63704","HackTool:Win32/Mimikatz.D","mimikatz.exe"
"RPCRT4.dll!RpcBindingSetOption","9a3bf7ba676bf2f66b794f6cf27f8617f298caa4ccf2ac1ecdcbbef260306194","HackTool:Win32/Mimikatz","mimikatz.exe"
"RPCRT4.dll!RpcBindingSetOption","59f9bb49b41f3206b60b4d479000bf9fff7ef73fb1fda55b2eb13231482c8c22","HackTool:Win32/Mimikatz","mimikatz.exe"
"RPCRT4.dll!RpcBindingSetOption","b4f9beb47cc56ab08c571560df4496d3cc4656209597968a4c2e9b105ba475db","HackTool:Win32/Mimikatz","mimikatz.exe"
"RPCRT4.dll!RpcBindingSetOption","6e37a054bd7c49b233cace747951911f320bd43be8a79ce455b97403c2f7de2c","HackTool:Win32/Mimikatz!pz","mimikatz.exe"
"RPCRT4.dll!RpcBindingSetOption","61c0810a23580cf492a6ba4f7654566108331e7a4134c968c2d6a05261b2d8a1","HackTool:Win32/Mimikatz!pz","mimikatz.exe"
"RPCRT4.dll!RpcBindingSetOption","ad87ec5a797e31701aefb6261d2b6ce89c3959e36e1523382dce944be3f63704","HackTool:Win32/Mimikatz.D","mimikatz.exe"
"RPCRT4.dll!RpcEpResolveBinding","9a3bf7ba676bf2f66b794f6cf27f8617f298caa4ccf2ac1ecdcbbef260306194","HackTool:Win32/Mimikatz","mimikatz.exe"
"RPCRT4.dll!RpcEpResolveBinding","59f9bb49b41f3206b60b4d479000bf9fff7ef73fb1fda55b2eb13231482c8c22","HackTool:Win32/Mimikatz","mimikatz.exe"
"RPCRT4.dll!RpcEpResolveBinding","b4f9beb47cc56ab08c571560df4496d3cc4656209597968a4c2e9b105ba475db","HackTool:Win32/Mimikatz","mimikatz.exe"
"RPCRT4.dll!RpcEpResolveBinding","61c0810a23580cf492a6ba4f7654566108331e7a4134c968c2d6a05261b2d8a1","HackTool:Win32/Mimikatz!pz","mimikatz.exe"
"RPCRT4.dll!RpcEpResolveBinding","6e37a054bd7c49b233cace747951911f320bd43be8a79ce455b97403c2f7de2c","HackTool:Win32/Mimikatz!pz","mimikatz.exe"
"RPCRT4.dll!RpcEpResolveBinding","ad87ec5a797e31701aefb6261d2b6ce89c3959e36e1523382dce944be3f63704","HackTool:Win32/Mimikatz.D","mimikatz.exe"
"RPCRT4.dll!RpcMgmtEpEltInqNextW","59f9bb49b41f3206b60b4d479000bf9fff7ef73fb1fda55b2eb13231482c8c22","HackTool:Win32/Mimikatz","mimikatz.exe"
"RPCRT4.dll!RpcMgmtEpEltInqNextW","b4f9beb47cc56ab08c571560df4496d3cc4656209597968a4c2e9b105ba475db","HackTool:Win32/Mimikatz","mimikatz.exe"
"RPCRT4.dll!RpcMgmtEpEltInqNextW","9a3bf7ba676bf2f66b794f6cf27f8617f298caa4ccf2ac1ecdcbbef260306194","HackTool:Win32/Mimikatz","mimikatz.exe"
"RPCRT4.dll!RpcMgmtEpEltInqNextW","6e37a054bd7c49b233cace747951911f320bd43be8a79ce455b97403c2f7de2c","HackTool:Win32/Mimikatz!pz","mimikatz.exe"
"RPCRT4.dll!RpcMgmtEpEltInqNextW","61c0810a23580cf492a6ba4f7654566108331e7a4134c968c2d6a05261b2d8a1","HackTool:Win32/Mimikatz!pz","mimikatz.exe"
"RPCRT4.dll!RpcMgmtEpEltInqNextW","ad87ec5a797e31701aefb6261d2b6ce89c3959e36e1523382dce944be3f63704","HackTool:Win32/Mimikatz.D","mimikatz.exe"
"SAMLIB.dll!SamCloseHandle","59f9bb49b41f3206b60b4d479000bf9fff7ef73fb1fda55b2eb13231482c8c22","HackTool:Win32/Mimikatz","mimikatz.exe"
"SAMLIB.dll!SamCloseHandle","9a3bf7ba676bf2f66b794f6cf27f8617f298caa4ccf2ac1ecdcbbef260306194","HackTool:Win32/Mimikatz","mimikatz.exe"
"SAMLIB.dll!SamCloseHandle","b4f9beb47cc56ab08c571560df4496d3cc4656209597968a4c2e9b105ba475db","HackTool:Win32/Mimikatz","mimikatz.exe"
"SAMLIB.dll!SamCloseHandle","61c0810a23580cf492a6ba4f7654566108331e7a4134c968c2d6a05261b2d8a1","HackTool:Win32/Mimikatz!pz","mimikatz.exe"
"SAMLIB.dll!SamCloseHandle","6e37a054bd7c49b233cace747951911f320bd43be8a79ce455b97403c2f7de2c","HackTool:Win32/Mimikatz!pz","mimikatz.exe"
"SAMLIB.dll!SamCloseHandle","ad87ec5a797e31701aefb6261d2b6ce89c3959e36e1523382dce944be3f63704","HackTool:Win32/Mimikatz.D","mimikatz.exe"
"SAMLIB.dll!SamConnect","9a3bf7ba676bf2f66b794f6cf27f8617f298caa4ccf2ac1ecdcbbef260306194","HackTool:Win32/Mimikatz","mimikatz.exe"
"SAMLIB.dll!SamConnect","b4f9beb47cc56ab08c571560df4496d3cc4656209597968a4c2e9b105ba475db","HackTool:Win32/Mimikatz","mimikatz.exe"
"SAMLIB.dll!SamConnect","59f9bb49b41f3206b60b4d479000bf9fff7ef73fb1fda55b2eb13231482c8c22","HackTool:Win32/Mimikatz","mimikatz.exe"
"SAMLIB.dll!SamConnect","6e37a054bd7c49b233cace747951911f320bd43be8a79ce455b97403c2f7de2c","HackTool:Win32/Mimikatz!pz","mimikatz.exe"
"SAMLIB.dll!SamConnect","61c0810a23580cf492a6ba4f7654566108331e7a4134c968c2d6a05261b2d8a1","HackTool:Win32/Mimikatz!pz","mimikatz.exe"
"SAMLIB.dll!SamConnect","ad87ec5a797e31701aefb6261d2b6ce89c3959e36e1523382dce944be3f63704","HackTool:Win32/Mimikatz.D","mimikatz.exe"
"SAMLIB.dll!SamEnumerateAliasesInDomain","b4f9beb47cc56ab08c571560df4496d3cc4656209597968a4c2e9b105ba475db","HackTool:Win32/Mimikatz","mimikatz.exe"
"SAMLIB.dll!SamEnumerateAliasesInDomain","9a3bf7ba676bf2f66b794f6cf27f8617f298caa4ccf2ac1ecdcbbef260306194","HackTool:Win32/Mimikatz","mimikatz.exe"
"SAMLIB.dll!SamEnumerateAliasesInDomain","59f9bb49b41f3206b60b4d479000bf9fff7ef73fb1fda55b2eb13231482c8c22","HackTool:Win32/Mimikatz","mimikatz.exe"
"SAMLIB.dll!SamEnumerateAliasesInDomain","6e37a054bd7c49b233cace747951911f320bd43be8a79ce455b97403c2f7de2c","HackTool:Win32/Mimikatz!pz","mimikatz.exe"
"SAMLIB.dll!SamEnumerateAliasesInDomain","61c0810a23580cf492a6ba4f7654566108331e7a4134c968c2d6a05261b2d8a1","HackTool:Win32/Mimikatz!pz","mimikatz.exe"
"SAMLIB.dll!SamEnumerateAliasesInDomain","ad87ec5a797e31701aefb6261d2b6ce89c3959e36e1523382dce944be3f63704","HackTool:Win32/Mimikatz.D","mimikatz.exe"
"SAMLIB.dll!SamEnumerateDomainsInSamServer","b4f9beb47cc56ab08c571560df4496d3cc4656209597968a4c2e9b105ba475db","HackTool:Win32/Mimikatz","mimikatz.exe"
"SAMLIB.dll!SamEnumerateDomainsInSamServer","59f9bb49b41f3206b60b4d479000bf9fff7ef73fb1fda55b2eb13231482c8c22","HackTool:Win32/Mimikatz","mimikatz.exe"
"SAMLIB.dll!SamEnumerateDomainsInSamServer","9a3bf7ba676bf2f66b794f6cf27f8617f298caa4ccf2ac1ecdcbbef260306194","HackTool:Win32/Mimikatz","mimikatz.exe"
"SAMLIB.dll!SamEnumerateDomainsInSamServer","6e37a054bd7c49b233cace747951911f320bd43be8a79ce455b97403c2f7de2c","HackTool:Win32/Mimikatz!pz","mimikatz.exe"
"SAMLIB.dll!SamEnumerateDomainsInSamServer","61c0810a23580cf492a6ba4f7654566108331e7a4134c968c2d6a05261b2d8a1","HackTool:Win32/Mimikatz!pz","mimikatz.exe"
"SAMLIB.dll!SamEnumerateDomainsInSamServer","ad87ec5a797e31701aefb6261d2b6ce89c3959e36e1523382dce944be3f63704","HackTool:Win32/Mimikatz.D","mimikatz.exe"
"SAMLIB.dll!SamEnumerateGroupsInDomain","59f9bb49b41f3206b60b4d479000bf9fff7ef73fb1fda55b2eb13231482c8c22","HackTool:Win32/Mimikatz","mimikatz.exe"
"SAMLIB.dll!SamEnumerateGroupsInDomain","9a3bf7ba676bf2f66b794f6cf27f8617f298caa4ccf2ac1ecdcbbef260306194","HackTool:Win32/Mimikatz","mimikatz.exe"
"SAMLIB.dll!SamEnumerateGroupsInDomain","b4f9beb47cc56ab08c571560df4496d3cc4656209597968a4c2e9b105ba475db","HackTool:Win32/Mimikatz","mimikatz.exe"
"SAMLIB.dll!SamEnumerateGroupsInDomain","6e37a054bd7c49b233cace747951911f320bd43be8a79ce455b97403c2f7de2c","HackTool:Win32/Mimikatz!pz","mimikatz.exe"
"SAMLIB.dll!SamEnumerateGroupsInDomain","61c0810a23580cf492a6ba4f7654566108331e7a4134c968c2d6a05261b2d8a1","HackTool:Win32/Mimikatz!pz","mimikatz.exe"
"SAMLIB.dll!SamEnumerateGroupsInDomain","ad87ec5a797e31701aefb6261d2b6ce89c3959e36e1523382dce944be3f63704","HackTool:Win32/Mimikatz.D","mimikatz.exe"
"SAMLIB.dll!SamEnumerateUsersInDomain","59f9bb49b41f3206b60b4d479000bf9fff7ef73fb1fda55b2eb13231482c8c22","HackTool:Win32/Mimikatz","mimikatz.exe"
"SAMLIB.dll!SamEnumerateUsersInDomain","b4f9beb47cc56ab08c571560df4496d3cc4656209597968a4c2e9b105ba475db","HackTool:Win32/Mimikatz","mimikatz.exe"
"SAMLIB.dll!SamEnumerateUsersInDomain","9a3bf7ba676bf2f66b794f6cf27f8617f298caa4ccf2ac1ecdcbbef260306194","HackTool:Win32/Mimikatz","mimikatz.exe"
"SAMLIB.dll!SamEnumerateUsersInDomain","61c0810a23580cf492a6ba4f7654566108331e7a4134c968c2d6a05261b2d8a1","HackTool:Win32/Mimikatz!pz","mimikatz.exe"
"SAMLIB.dll!SamEnumerateUsersInDomain","6e37a054bd7c49b233cace747951911f320bd43be8a79ce455b97403c2f7de2c","HackTool:Win32/Mimikatz!pz","mimikatz.exe"
"SAMLIB.dll!SamEnumerateUsersInDomain","ad87ec5a797e31701aefb6261d2b6ce89c3959e36e1523382dce944be3f63704","HackTool:Win32/Mimikatz.D","mimikatz.exe"
"SAMLIB.dll!SamFreeMemory","9a3bf7ba676bf2f66b794f6cf27f8617f298caa4ccf2ac1ecdcbbef260306194","HackTool:Win32/Mimikatz","mimikatz.exe"
"SAMLIB.dll!SamFreeMemory","b4f9beb47cc56ab08c571560df4496d3cc4656209597968a4c2e9b105ba475db","HackTool:Win32/Mimikatz","mimikatz.exe"
"SAMLIB.dll!SamFreeMemory","59f9bb49b41f3206b60b4d479000bf9fff7ef73fb1fda55b2eb13231482c8c22","HackTool:Win32/Mimikatz","mimikatz.exe"
"SAMLIB.dll!SamFreeMemory","61c0810a23580cf492a6ba4f7654566108331e7a4134c968c2d6a05261b2d8a1","HackTool:Win32/Mimikatz!pz","mimikatz.exe"
"SAMLIB.dll!SamFreeMemory","6e37a054bd7c49b233cace747951911f320bd43be8a79ce455b97403c2f7de2c","HackTool:Win32/Mimikatz!pz","mimikatz.exe"
"SAMLIB.dll!SamFreeMemory","ad87ec5a797e31701aefb6261d2b6ce89c3959e36e1523382dce944be3f63704","HackTool:Win32/Mimikatz.D","mimikatz.exe"
"SAMLIB.dll!SamGetAliasMembership","59f9bb49b41f3206b60b4d479000bf9fff7ef73fb1fda55b2eb13231482c8c22","HackTool:Win32/Mimikatz","mimikatz.exe"
"SAMLIB.dll!SamGetAliasMembership","b4f9beb47cc56ab08c571560df4496d3cc4656209597968a4c2e9b105ba475db","HackTool:Win32/Mimikatz","mimikatz.exe"
"SAMLIB.dll!SamGetAliasMembership","9a3bf7ba676bf2f66b794f6cf27f8617f298caa4ccf2ac1ecdcbbef260306194","HackTool:Win32/Mimikatz","mimikatz.exe"
"SAMLIB.dll!SamGetAliasMembership","6e37a054bd7c49b233cace747951911f320bd43be8a79ce455b97403c2f7de2c","HackTool:Win32/Mimikatz!pz","mimikatz.exe"
"SAMLIB.dll!SamGetAliasMembership","61c0810a23580cf492a6ba4f7654566108331e7a4134c968c2d6a05261b2d8a1","HackTool:Win32/Mimikatz!pz","mimikatz.exe"
"SAMLIB.dll!SamGetAliasMembership","ad87ec5a797e31701aefb6261d2b6ce89c3959e36e1523382dce944be3f63704","HackTool:Win32/Mimikatz.D","mimikatz.exe"
"SAMLIB.dll!SamGetGroupsForUser","59f9bb49b41f3206b60b4d479000bf9fff7ef73fb1fda55b2eb13231482c8c22","HackTool:Win32/Mimikatz","mimikatz.exe"
"SAMLIB.dll!SamGetGroupsForUser","b4f9beb47cc56ab08c571560df4496d3cc4656209597968a4c2e9b105ba475db","HackTool:Win32/Mimikatz","mimikatz.exe"
"SAMLIB.dll!SamGetGroupsForUser","9a3bf7ba676bf2f66b794f6cf27f8617f298caa4ccf2ac1ecdcbbef260306194","HackTool:Win32/Mimikatz","mimikatz.exe"
"SAMLIB.dll!SamGetGroupsForUser","61c0810a23580cf492a6ba4f7654566108331e7a4134c968c2d6a05261b2d8a1","HackTool:Win32/Mimikatz!pz","mimikatz.exe"
"SAMLIB.dll!SamGetGroupsForUser","6e37a054bd7c49b233cace747951911f320bd43be8a79ce455b97403c2f7de2c","HackTool:Win32/Mimikatz!pz","mimikatz.exe"
"SAMLIB.dll!SamGetGroupsForUser","ad87ec5a797e31701aefb6261d2b6ce89c3959e36e1523382dce944be3f63704","HackTool:Win32/Mimikatz.D","mimikatz.exe"
"SAMLIB.dll!SamGetMembersInAlias","9a3bf7ba676bf2f66b794f6cf27f8617f298caa4ccf2ac1ecdcbbef260306194","HackTool:Win32/Mimikatz","mimikatz.exe"
"SAMLIB.dll!SamGetMembersInAlias","59f9bb49b41f3206b60b4d479000bf9fff7ef73fb1fda55b2eb13231482c8c22","HackTool:Win32/Mimikatz","mimikatz.exe"
"SAMLIB.dll!SamGetMembersInAlias","b4f9beb47cc56ab08c571560df4496d3cc4656209597968a4c2e9b105ba475db","HackTool:Win32/Mimikatz","mimikatz.exe"
"SAMLIB.dll!SamGetMembersInAlias","61c0810a23580cf492a6ba4f7654566108331e7a4134c968c2d6a05261b2d8a1","HackTool:Win32/Mimikatz!pz","mimikatz.exe"
"SAMLIB.dll!SamGetMembersInAlias","6e37a054bd7c49b233cace747951911f320bd43be8a79ce455b97403c2f7de2c","HackTool:Win32/Mimikatz!pz","mimikatz.exe"
"SAMLIB.dll!SamGetMembersInAlias","ad87ec5a797e31701aefb6261d2b6ce89c3959e36e1523382dce944be3f63704","HackTool:Win32/Mimikatz.D","mimikatz.exe"
"SAMLIB.dll!SamGetMembersInGroup","59f9bb49b41f3206b60b4d479000bf9fff7ef73fb1fda55b2eb13231482c8c22","HackTool:Win32/Mimikatz","mimikatz.exe"
"SAMLIB.dll!SamGetMembersInGroup","b4f9beb47cc56ab08c571560df4496d3cc4656209597968a4c2e9b105ba475db","HackTool:Win32/Mimikatz","mimikatz.exe"
"SAMLIB.dll!SamGetMembersInGroup","9a3bf7ba676bf2f66b794f6cf27f8617f298caa4ccf2ac1ecdcbbef260306194","HackTool:Win32/Mimikatz","mimikatz.exe"
"SAMLIB.dll!SamGetMembersInGroup","61c0810a23580cf492a6ba4f7654566108331e7a4134c968c2d6a05261b2d8a1","HackTool:Win32/Mimikatz!pz","mimikatz.exe"
"SAMLIB.dll!SamGetMembersInGroup","6e37a054bd7c49b233cace747951911f320bd43be8a79ce455b97403c2f7de2c","HackTool:Win32/Mimikatz!pz","mimikatz.exe"
"SAMLIB.dll!SamGetMembersInGroup","ad87ec5a797e31701aefb6261d2b6ce89c3959e36e1523382dce944be3f63704","HackTool:Win32/Mimikatz.D","mimikatz.exe"
"SAMLIB.dll!SamiChangePasswordUser","9a3bf7ba676bf2f66b794f6cf27f8617f298caa4ccf2ac1ecdcbbef260306194","HackTool:Win32/Mimikatz","mimikatz.exe"
"SAMLIB.dll!SamiChangePasswordUser","59f9bb49b41f3206b60b4d479000bf9fff7ef73fb1fda55b2eb13231482c8c22","HackTool:Win32/Mimikatz","mimikatz.exe"
"SAMLIB.dll!SamiChangePasswordUser","b4f9beb47cc56ab08c571560df4496d3cc4656209597968a4c2e9b105ba475db","HackTool:Win32/Mimikatz","mimikatz.exe"
"SAMLIB.dll!SamiChangePasswordUser","6e37a054bd7c49b233cace747951911f320bd43be8a79ce455b97403c2f7de2c","HackTool:Win32/Mimikatz!pz","mimikatz.exe"
"SAMLIB.dll!SamiChangePasswordUser","61c0810a23580cf492a6ba4f7654566108331e7a4134c968c2d6a05261b2d8a1","HackTool:Win32/Mimikatz!pz","mimikatz.exe"
"SAMLIB.dll!SamiChangePasswordUser","ad87ec5a797e31701aefb6261d2b6ce89c3959e36e1523382dce944be3f63704","HackTool:Win32/Mimikatz.D","mimikatz.exe"
"SAMLIB.dll!SamLookupDomainInSamServer","b4f9beb47cc56ab08c571560df4496d3cc4656209597968a4c2e9b105ba475db","HackTool:Win32/Mimikatz","mimikatz.exe"
"SAMLIB.dll!SamLookupDomainInSamServer","59f9bb49b41f3206b60b4d479000bf9fff7ef73fb1fda55b2eb13231482c8c22","HackTool:Win32/Mimikatz","mimikatz.exe"
"SAMLIB.dll!SamLookupDomainInSamServer","9a3bf7ba676bf2f66b794f6cf27f8617f298caa4ccf2ac1ecdcbbef260306194","HackTool:Win32/Mimikatz","mimikatz.exe"
"SAMLIB.dll!SamLookupDomainInSamServer","61c0810a23580cf492a6ba4f7654566108331e7a4134c968c2d6a05261b2d8a1","HackTool:Win32/Mimikatz!pz","mimikatz.exe"
"SAMLIB.dll!SamLookupDomainInSamServer","6e37a054bd7c49b233cace747951911f320bd43be8a79ce455b97403c2f7de2c","HackTool:Win32/Mimikatz!pz","mimikatz.exe"
"SAMLIB.dll!SamLookupDomainInSamServer","ad87ec5a797e31701aefb6261d2b6ce89c3959e36e1523382dce944be3f63704","HackTool:Win32/Mimikatz.D","mimikatz.exe"
"SAMLIB.dll!SamLookupIdsInDomain","59f9bb49b41f3206b60b4d479000bf9fff7ef73fb1fda55b2eb13231482c8c22","HackTool:Win32/Mimikatz","mimikatz.exe"
"SAMLIB.dll!SamLookupIdsInDomain","9a3bf7ba676bf2f66b794f6cf27f8617f298caa4ccf2ac1ecdcbbef260306194","HackTool:Win32/Mimikatz","mimikatz.exe"
"SAMLIB.dll!SamLookupIdsInDomain","b4f9beb47cc56ab08c571560df4496d3cc4656209597968a4c2e9b105ba475db","HackTool:Win32/Mimikatz","mimikatz.exe"
"SAMLIB.dll!SamLookupIdsInDomain","61c0810a23580cf492a6ba4f7654566108331e7a4134c968c2d6a05261b2d8a1","HackTool:Win32/Mimikatz!pz","mimikatz.exe"
"SAMLIB.dll!SamLookupIdsInDomain","6e37a054bd7c49b233cace747951911f320bd43be8a79ce455b97403c2f7de2c","HackTool:Win32/Mimikatz!pz","mimikatz.exe"
"SAMLIB.dll!SamLookupIdsInDomain","ad87ec5a797e31701aefb6261d2b6ce89c3959e36e1523382dce944be3f63704","HackTool:Win32/Mimikatz.D","mimikatz.exe"
"SAMLIB.dll!SamLookupNamesInDomain","9a3bf7ba676bf2f66b794f6cf27f8617f298caa4ccf2ac1ecdcbbef260306194","HackTool:Win32/Mimikatz","mimikatz.exe"
"SAMLIB.dll!SamLookupNamesInDomain","59f9bb49b41f3206b60b4d479000bf9fff7ef73fb1fda55b2eb13231482c8c22","HackTool:Win32/Mimikatz","mimikatz.exe"
"SAMLIB.dll!SamLookupNamesInDomain","b4f9beb47cc56ab08c571560df4496d3cc4656209597968a4c2e9b105ba475db","HackTool:Win32/Mimikatz","mimikatz.exe"
"SAMLIB.dll!SamLookupNamesInDomain","61c0810a23580cf492a6ba4f7654566108331e7a4134c968c2d6a05261b2d8a1","HackTool:Win32/Mimikatz!pz","mimikatz.exe"
"SAMLIB.dll!SamLookupNamesInDomain","6e37a054bd7c49b233cace747951911f320bd43be8a79ce455b97403c2f7de2c","HackTool:Win32/Mimikatz!pz","mimikatz.exe"
"SAMLIB.dll!SamLookupNamesInDomain","ad87ec5a797e31701aefb6261d2b6ce89c3959e36e1523382dce944be3f63704","HackTool:Win32/Mimikatz.D","mimikatz.exe"
"SAMLIB.dll!SamOpenAlias","59f9bb49b41f3206b60b4d479000bf9fff7ef73fb1fda55b2eb13231482c8c22","HackTool:Win32/Mimikatz","mimikatz.exe"
"SAMLIB.dll!SamOpenAlias","9a3bf7ba676bf2f66b794f6cf27f8617f298caa4ccf2ac1ecdcbbef260306194","HackTool:Win32/Mimikatz","mimikatz.exe"
"SAMLIB.dll!SamOpenAlias","b4f9beb47cc56ab08c571560df4496d3cc4656209597968a4c2e9b105ba475db","HackTool:Win32/Mimikatz","mimikatz.exe"
"SAMLIB.dll!SamOpenAlias","61c0810a23580cf492a6ba4f7654566108331e7a4134c968c2d6a05261b2d8a1","HackTool:Win32/Mimikatz!pz","mimikatz.exe"
"SAMLIB.dll!SamOpenAlias","6e37a054bd7c49b233cace747951911f320bd43be8a79ce455b97403c2f7de2c","HackTool:Win32/Mimikatz!pz","mimikatz.exe"
"SAMLIB.dll!SamOpenAlias","ad87ec5a797e31701aefb6261d2b6ce89c3959e36e1523382dce944be3f63704","HackTool:Win32/Mimikatz.D","mimikatz.exe"
"SAMLIB.dll!SamOpenDomain","59f9bb49b41f3206b60b4d479000bf9fff7ef73fb1fda55b2eb13231482c8c22","HackTool:Win32/Mimikatz","mimikatz.exe"
"SAMLIB.dll!SamOpenDomain","b4f9beb47cc56ab08c571560df4496d3cc4656209597968a4c2e9b105ba475db","HackTool:Win32/Mimikatz","mimikatz.exe"
"SAMLIB.dll!SamOpenDomain","9a3bf7ba676bf2f66b794f6cf27f8617f298caa4ccf2ac1ecdcbbef260306194","HackTool:Win32/Mimikatz","mimikatz.exe"
"SAMLIB.dll!SamOpenDomain","6e37a054bd7c49b233cace747951911f320bd43be8a79ce455b97403c2f7de2c","HackTool:Win32/Mimikatz!pz","mimikatz.exe"
"SAMLIB.dll!SamOpenDomain","61c0810a23580cf492a6ba4f7654566108331e7a4134c968c2d6a05261b2d8a1","HackTool:Win32/Mimikatz!pz","mimikatz.exe"
"SAMLIB.dll!SamOpenDomain","ad87ec5a797e31701aefb6261d2b6ce89c3959e36e1523382dce944be3f63704","HackTool:Win32/Mimikatz.D","mimikatz.exe"
"SAMLIB.dll!SamOpenGroup","9a3bf7ba676bf2f66b794f6cf27f8617f298caa4ccf2ac1ecdcbbef260306194","HackTool:Win32/Mimikatz","mimikatz.exe"
"SAMLIB.dll!SamOpenGroup","b4f9beb47cc56ab08c571560df4496d3cc4656209597968a4c2e9b105ba475db","HackTool:Win32/Mimikatz","mimikatz.exe"
"SAMLIB.dll!SamOpenGroup","59f9bb49b41f3206b60b4d479000bf9fff7ef73fb1fda55b2eb13231482c8c22","HackTool:Win32/Mimikatz","mimikatz.exe"
"SAMLIB.dll!SamOpenGroup","61c0810a23580cf492a6ba4f7654566108331e7a4134c968c2d6a05261b2d8a1","HackTool:Win32/Mimikatz!pz","mimikatz.exe"
"SAMLIB.dll!SamOpenGroup","6e37a054bd7c49b233cace747951911f320bd43be8a79ce455b97403c2f7de2c","HackTool:Win32/Mimikatz!pz","mimikatz.exe"
"SAMLIB.dll!SamOpenGroup","ad87ec5a797e31701aefb6261d2b6ce89c3959e36e1523382dce944be3f63704","HackTool:Win32/Mimikatz.D","mimikatz.exe"
"SAMLIB.dll!SamOpenUser","9a3bf7ba676bf2f66b794f6cf27f8617f298caa4ccf2ac1ecdcbbef260306194","HackTool:Win32/Mimikatz","mimikatz.exe"
"SAMLIB.dll!SamOpenUser","b4f9beb47cc56ab08c571560df4496d3cc4656209597968a4c2e9b105ba475db","HackTool:Win32/Mimikatz","mimikatz.exe"
"SAMLIB.dll!SamOpenUser","59f9bb49b41f3206b60b4d479000bf9fff7ef73fb1fda55b2eb13231482c8c22","HackTool:Win32/Mimikatz","mimikatz.exe"
"SAMLIB.dll!SamOpenUser","6e37a054bd7c49b233cace747951911f320bd43be8a79ce455b97403c2f7de2c","HackTool:Win32/Mimikatz!pz","mimikatz.exe"
"SAMLIB.dll!SamOpenUser","61c0810a23580cf492a6ba4f7654566108331e7a4134c968c2d6a05261b2d8a1","HackTool:Win32/Mimikatz!pz","mimikatz.exe"
"SAMLIB.dll!SamOpenUser","ad87ec5a797e31701aefb6261d2b6ce89c3959e36e1523382dce944be3f63704","HackTool:Win32/Mimikatz.D","mimikatz.exe"
"SAMLIB.dll!SamQueryInformationUser","59f9bb49b41f3206b60b4d479000bf9fff7ef73fb1fda55b2eb13231482c8c22","HackTool:Win32/Mimikatz","mimikatz.exe"
"SAMLIB.dll!SamQueryInformationUser","b4f9beb47cc56ab08c571560df4496d3cc4656209597968a4c2e9b105ba475db","HackTool:Win32/Mimikatz","mimikatz.exe"
"SAMLIB.dll!SamQueryInformationUser","9a3bf7ba676bf2f66b794f6cf27f8617f298caa4ccf2ac1ecdcbbef260306194","HackTool:Win32/Mimikatz","mimikatz.exe"
"SAMLIB.dll!SamQueryInformationUser","61c0810a23580cf492a6ba4f7654566108331e7a4134c968c2d6a05261b2d8a1","HackTool:Win32/Mimikatz!pz","mimikatz.exe"
"SAMLIB.dll!SamQueryInformationUser","6e37a054bd7c49b233cace747951911f320bd43be8a79ce455b97403c2f7de2c","HackTool:Win32/Mimikatz!pz","mimikatz.exe"
"SAMLIB.dll!SamQueryInformationUser","ad87ec5a797e31701aefb6261d2b6ce89c3959e36e1523382dce944be3f63704","HackTool:Win32/Mimikatz.D","mimikatz.exe"
"SAMLIB.dll!SamRidToSid","9a3bf7ba676bf2f66b794f6cf27f8617f298caa4ccf2ac1ecdcbbef260306194","HackTool:Win32/Mimikatz","mimikatz.exe"
"SAMLIB.dll!SamRidToSid","b4f9beb47cc56ab08c571560df4496d3cc4656209597968a4c2e9b105ba475db","HackTool:Win32/Mimikatz","mimikatz.exe"
"SAMLIB.dll!SamRidToSid","59f9bb49b41f3206b60b4d479000bf9fff7ef73fb1fda55b2eb13231482c8c22","HackTool:Win32/Mimikatz","mimikatz.exe"
"SAMLIB.dll!SamRidToSid","61c0810a23580cf492a6ba4f7654566108331e7a4134c968c2d6a05261b2d8a1","HackTool:Win32/Mimikatz!pz","mimikatz.exe"
"SAMLIB.dll!SamRidToSid","6e37a054bd7c49b233cace747951911f320bd43be8a79ce455b97403c2f7de2c","HackTool:Win32/Mimikatz!pz","mimikatz.exe"
"SAMLIB.dll!SamRidToSid","ad87ec5a797e31701aefb6261d2b6ce89c3959e36e1523382dce944be3f63704","HackTool:Win32/Mimikatz.D","mimikatz.exe"
"SAMLIB.dll!SamSetInformationUser","b4f9beb47cc56ab08c571560df4496d3cc4656209597968a4c2e9b105ba475db","HackTool:Win32/Mimikatz","mimikatz.exe"
"SAMLIB.dll!SamSetInformationUser","59f9bb49b41f3206b60b4d479000bf9fff7ef73fb1fda55b2eb13231482c8c22","HackTool:Win32/Mimikatz","mimikatz.exe"
"SAMLIB.dll!SamSetInformationUser","9a3bf7ba676bf2f66b794f6cf27f8617f298caa4ccf2ac1ecdcbbef260306194","HackTool:Win32/Mimikatz","mimikatz.exe"
"SAMLIB.dll!SamSetInformationUser","6e37a054bd7c49b233cace747951911f320bd43be8a79ce455b97403c2f7de2c","HackTool:Win32/Mimikatz!pz","mimikatz.exe"
"SAMLIB.dll!SamSetInformationUser","61c0810a23580cf492a6ba4f7654566108331e7a4134c968c2d6a05261b2d8a1","HackTool:Win32/Mimikatz!pz","mimikatz.exe"
"SAMLIB.dll!SamSetInformationUser","ad87ec5a797e31701aefb6261d2b6ce89c3959e36e1523382dce944be3f63704","HackTool:Win32/Mimikatz.D","mimikatz.exe"
"Secur32.dll!EnumerateSecurityPackagesW","9a3bf7ba676bf2f66b794f6cf27f8617f298caa4ccf2ac1ecdcbbef260306194","HackTool:Win32/Mimikatz","mimikatz.exe"
"Secur32.dll!EnumerateSecurityPackagesW","b4f9beb47cc56ab08c571560df4496d3cc4656209597968a4c2e9b105ba475db","HackTool:Win32/Mimikatz","mimikatz.exe"
"Secur32.dll!EnumerateSecurityPackagesW","59f9bb49b41f3206b60b4d479000bf9fff7ef73fb1fda55b2eb13231482c8c22","HackTool:Win32/Mimikatz","mimikatz.exe"
"Secur32.dll!EnumerateSecurityPackagesW","6e37a054bd7c49b233cace747951911f320bd43be8a79ce455b97403c2f7de2c","HackTool:Win32/Mimikatz!pz","mimikatz.exe"
"Secur32.dll!EnumerateSecurityPackagesW","61c0810a23580cf492a6ba4f7654566108331e7a4134c968c2d6a05261b2d8a1","HackTool:Win32/Mimikatz!pz","mimikatz.exe"
"Secur32.dll!EnumerateSecurityPackagesW","ad87ec5a797e31701aefb6261d2b6ce89c3959e36e1523382dce944be3f63704","HackTool:Win32/Mimikatz.D","mimikatz.exe"
"user32.dll!AnyPopup","d3fa6813513fa066dd2749b3d3f9b448f530f9173c42d215e74c42727bb3dcf1","HackTool:Win32/HintInject!MSR",
"user32.dll!BroadcastSystemMessageExW","d3fa6813513fa066dd2749b3d3f9b448f530f9173c42d215e74c42727bb3dcf1","HackTool:Win32/HintInject!MSR",
"user32.dll!CallMsgFilter","d3fa6813513fa066dd2749b3d3f9b448f530f9173c42d215e74c42727bb3dcf1","HackTool:Win32/HintInject!MSR",
"user32.dll!CancelShutdown","d3fa6813513fa066dd2749b3d3f9b448f530f9173c42d215e74c42727bb3dcf1","HackTool:Win32/HintInject!MSR",
"user32.dll!CascadeChildWindows","d3fa6813513fa066dd2749b3d3f9b448f530f9173c42d215e74c42727bb3dcf1","HackTool:Win32/HintInject!MSR",
"user32.dll!CheckBannedOneCoreTransformApi","d3fa6813513fa066dd2749b3d3f9b448f530f9173c42d215e74c42727bb3dcf1","HackTool:Win32/HintInject!MSR",
"user32.dll!CheckProcessForClipboardAccess","d3fa6813513fa066dd2749b3d3f9b448f530f9173c42d215e74c42727bb3dcf1","HackTool:Win32/HintInject!MSR",
"user32.dll!CheckProcessSession","d3fa6813513fa066dd2749b3d3f9b448f530f9173c42d215e74c42727bb3dcf1","HackTool:Win32/HintInject!MSR",
"user32.dll!CliImmSetHotKey","d3fa6813513fa066dd2749b3d3f9b448f530f9173c42d215e74c42727bb3dcf1","HackTool:Win32/HintInject!MSR",
"user32.dll!ControlMagnification","d3fa6813513fa066dd2749b3d3f9b448f530f9173c42d215e74c42727bb3dcf1","HackTool:Win32/HintInject!MSR",
"user32.dll!CreateDesktopExA","d3fa6813513fa066dd2749b3d3f9b448f530f9173c42d215e74c42727bb3dcf1","HackTool:Win32/HintInject!MSR",
"user32.dll!CreateSystemThreads","d3fa6813513fa066dd2749b3d3f9b448f530f9173c42d215e74c42727bb3dcf1","HackTool:Win32/HintInject!MSR",
"user32.dll!CreateWindowInBandEx","d3fa6813513fa066dd2749b3d3f9b448f530f9173c42d215e74c42727bb3dcf1","HackTool:Win32/HintInject!MSR",
"USER32.dll!CreateWindowStationA","9f5f3a9ce156213445d08d1a9ea99356d2136924dc28a8ceca6d528f9dbd718b","HackTool:Win32/Incognito","incognito.exe"
"user32.dll!DdeConnectList","d3fa6813513fa066dd2749b3d3f9b448f530f9173c42d215e74c42727bb3dcf1","HackTool:Win32/HintInject!MSR",
"user32.dll!DdeDisconnectList","d3fa6813513fa066dd2749b3d3f9b448f530f9173c42d215e74c42727bb3dcf1","HackTool:Win32/HintInject!MSR",
"user32.dll!DdeEnableCallback","d3fa6813513fa066dd2749b3d3f9b448f530f9173c42d215e74c42727bb3dcf1","HackTool:Win32/HintInject!MSR",
"user32.dll!DdeImpersonateClient","d3fa6813513fa066dd2749b3d3f9b448f530f9173c42d215e74c42727bb3dcf1","HackTool:Win32/HintInject!MSR",
"user32.dll!DdeKeepStringHandle","d3fa6813513fa066dd2749b3d3f9b448f530f9173c42d215e74c42727bb3dcf1","HackTool:Win32/HintInject!MSR",
"user32.dll!DdeQueryNextServer","d3fa6813513fa066dd2749b3d3f9b448f530f9173c42d215e74c42727bb3dcf1","HackTool:Win32/HintInject!MSR",
"user32.dll!DdeSetQualityOfService","d3fa6813513fa066dd2749b3d3f9b448f530f9173c42d215e74c42727bb3dcf1","HackTool:Win32/HintInject!MSR",
"user32.dll!DestroyReasons","d3fa6813513fa066dd2749b3d3f9b448f530f9173c42d215e74c42727bb3dcf1","HackTool:Win32/HintInject!MSR",
"user32.dll!DisplayExitWindowsWarnings","d3fa6813513fa066dd2749b3d3f9b448f530f9173c42d215e74c42727bb3dcf1","HackTool:Win32/HintInject!MSR",
"user32.dll!DlgDirListA","d3fa6813513fa066dd2749b3d3f9b448f530f9173c42d215e74c42727bb3dcf1","HackTool:Win32/HintInject!MSR",
"user32.dll!DlgDirListComboBoxA","d3fa6813513fa066dd2749b3d3f9b448f530f9173c42d215e74c42727bb3dcf1","HackTool:Win32/HintInject!MSR",
"user32.dll!DlgDirSelectComboBoxExA","d3fa6813513fa066dd2749b3d3f9b448f530f9173c42d215e74c42727bb3dcf1","HackTool:Win32/HintInject!MSR",
"user32.dll!DlgDirSelectExW","d3fa6813513fa066dd2749b3d3f9b448f530f9173c42d215e74c42727bb3dcf1","HackTool:Win32/HintInject!MSR",
"user32.dll!DoSoundConnect","d3fa6813513fa066dd2749b3d3f9b448f530f9173c42d215e74c42727bb3dcf1","HackTool:Win32/HintInject!MSR",
"user32.dll!DrawCaptionTempA","d3fa6813513fa066dd2749b3d3f9b448f530f9173c42d215e74c42727bb3dcf1","HackTool:Win32/HintInject!MSR",
"user32.dll!DrawMenuBarTemp","d3fa6813513fa066dd2749b3d3f9b448f530f9173c42d215e74c42727bb3dcf1","HackTool:Win32/HintInject!MSR",
"user32.dll!DwmGetDxRgn","d3fa6813513fa066dd2749b3d3f9b448f530f9173c42d215e74c42727bb3dcf1","HackTool:Win32/HintInject!MSR",
"user32.dll!DwmKernelStartup","d3fa6813513fa066dd2749b3d3f9b448f530f9173c42d215e74c42727bb3dcf1","HackTool:Win32/HintInject!MSR",
"user32.dll!DwmLockScreenUpdates","d3fa6813513fa066dd2749b3d3f9b448f530f9173c42d215e74c42727bb3dcf1","HackTool:Win32/HintInject!MSR",
"user32.dll!DwmValidateWindow","d3fa6813513fa066dd2749b3d3f9b448f530f9173c42d215e74c42727bb3dcf1","HackTool:Win32/HintInject!MSR",
"user32.dll!EnableNonClientDpiScaling","d3fa6813513fa066dd2749b3d3f9b448f530f9173c42d215e74c42727bb3dcf1","HackTool:Win32/HintInject!MSR",
"user32.dll!EnableSessionForMMCSS","d3fa6813513fa066dd2749b3d3f9b448f530f9173c42d215e74c42727bb3dcf1","HackTool:Win32/HintInject!MSR",
"user32.dll!EnumDesktopsA","d3fa6813513fa066dd2749b3d3f9b448f530f9173c42d215e74c42727bb3dcf1","HackTool:Win32/HintInject!MSR",
"user32.dll!EnumPropsExA","d3fa6813513fa066dd2749b3d3f9b448f530f9173c42d215e74c42727bb3dcf1","HackTool:Win32/HintInject!MSR",
"user32.dll!EnumPropsExW","d3fa6813513fa066dd2749b3d3f9b448f530f9173c42d215e74c42727bb3dcf1","HackTool:Win32/HintInject!MSR",
"user32.dll!EnumWindowStationsA","d3fa6813513fa066dd2749b3d3f9b448f530f9173c42d215e74c42727bb3dcf1","HackTool:Win32/HintInject!MSR",
"user32.dll!EvaluateProximityToPolygon","d3fa6813513fa066dd2749b3d3f9b448f530f9173c42d215e74c42727bb3dcf1","HackTool:Win32/HintInject!MSR",
"user32.dll!EvaluateProximityToRect","d3fa6813513fa066dd2749b3d3f9b448f530f9173c42d215e74c42727bb3dcf1","HackTool:Win32/HintInject!MSR",
"user32.dll!ExcludeUpdateRgn","d3fa6813513fa066dd2749b3d3f9b448f530f9173c42d215e74c42727bb3dcf1","HackTool:Win32/HintInject!MSR",
"user32.dll!GetAltTabInfo","d3fa6813513fa066dd2749b3d3f9b448f530f9173c42d215e74c42727bb3dcf1","HackTool:Win32/HintInject!MSR",
"user32.dll!GetAltTabInfoW","d3fa6813513fa066dd2749b3d3f9b448f530f9173c42d215e74c42727bb3dcf1","HackTool:Win32/HintInject!MSR",
"WinSCard.dll!SCardControl","59f9bb49b41f3206b60b4d479000bf9fff7ef73fb1fda55b2eb13231482c8c22","HackTool:Win32/Mimikatz","mimikatz.exe"
"WinSCard.dll!SCardControl","9a3bf7ba676bf2f66b794f6cf27f8617f298caa4ccf2ac1ecdcbbef260306194","HackTool:Win32/Mimikatz","mimikatz.exe"
"WinSCard.dll!SCardControl","b4f9beb47cc56ab08c571560df4496d3cc4656209597968a4c2e9b105ba475db","HackTool:Win32/Mimikatz","mimikatz.exe"
"WinSCard.dll!SCardControl","6e37a054bd7c49b233cace747951911f320bd43be8a79ce455b97403c2f7de2c","HackTool:Win32/Mimikatz!pz","mimikatz.exe"
"WinSCard.dll!SCardControl","61c0810a23580cf492a6ba4f7654566108331e7a4134c968c2d6a05261b2d8a1","HackTool:Win32/Mimikatz!pz","mimikatz.exe"
"WinSCard.dll!SCardControl","ad87ec5a797e31701aefb6261d2b6ce89c3959e36e1523382dce944be3f63704","HackTool:Win32/Mimikatz.D","mimikatz.exe"
"WinSCard.dll!SCardGetAttrib","b4f9beb47cc56ab08c571560df4496d3cc4656209597968a4c2e9b105ba475db","HackTool:Win32/Mimikatz","mimikatz.exe"
"WinSCard.dll!SCardGetAttrib","59f9bb49b41f3206b60b4d479000bf9fff7ef73fb1fda55b2eb13231482c8c22","HackTool:Win32/Mimikatz","mimikatz.exe"
"WinSCard.dll!SCardGetAttrib","9a3bf7ba676bf2f66b794f6cf27f8617f298caa4ccf2ac1ecdcbbef260306194","HackTool:Win32/Mimikatz","mimikatz.exe"
"WinSCard.dll!SCardGetAttrib","6e37a054bd7c49b233cace747951911f320bd43be8a79ce455b97403c2f7de2c","HackTool:Win32/Mimikatz!pz","mimikatz.exe"
"WinSCard.dll!SCardGetAttrib","61c0810a23580cf492a6ba4f7654566108331e7a4134c968c2d6a05261b2d8a1","HackTool:Win32/Mimikatz!pz","mimikatz.exe"
"WinSCard.dll!SCardGetAttrib","ad87ec5a797e31701aefb6261d2b6ce89c3959e36e1523382dce944be3f63704","HackTool:Win32/Mimikatz.D","mimikatz.exe"
"WINSTA.dll!WinStationCloseServer","9a3bf7ba676bf2f66b794f6cf27f8617f298caa4ccf2ac1ecdcbbef260306194","HackTool:Win32/Mimikatz","mimikatz.exe"
"WINSTA.dll!WinStationCloseServer","b4f9beb47cc56ab08c571560df4496d3cc4656209597968a4c2e9b105ba475db","HackTool:Win32/Mimikatz","mimikatz.exe"
"WINSTA.dll!WinStationCloseServer","59f9bb49b41f3206b60b4d479000bf9fff7ef73fb1fda55b2eb13231482c8c22","HackTool:Win32/Mimikatz","mimikatz.exe"
"WINSTA.dll!WinStationCloseServer","61c0810a23580cf492a6ba4f7654566108331e7a4134c968c2d6a05261b2d8a1","HackTool:Win32/Mimikatz!pz","mimikatz.exe"
"WINSTA.dll!WinStationCloseServer","6e37a054bd7c49b233cace747951911f320bd43be8a79ce455b97403c2f7de2c","HackTool:Win32/Mimikatz!pz","mimikatz.exe"
"WINSTA.dll!WinStationCloseServer","ad87ec5a797e31701aefb6261d2b6ce89c3959e36e1523382dce944be3f63704","HackTool:Win32/Mimikatz.D","mimikatz.exe"
"WINSTA.dll!WinStationConnectW","59f9bb49b41f3206b60b4d479000bf9fff7ef73fb1fda55b2eb13231482c8c22","HackTool:Win32/Mimikatz","mimikatz.exe"
"WINSTA.dll!WinStationConnectW","b4f9beb47cc56ab08c571560df4496d3cc4656209597968a4c2e9b105ba475db","HackTool:Win32/Mimikatz","mimikatz.exe"
"WINSTA.dll!WinStationConnectW","9a3bf7ba676bf2f66b794f6cf27f8617f298caa4ccf2ac1ecdcbbef260306194","HackTool:Win32/Mimikatz","mimikatz.exe"
"WINSTA.dll!WinStationConnectW","6e37a054bd7c49b233cace747951911f320bd43be8a79ce455b97403c2f7de2c","HackTool:Win32/Mimikatz!pz","mimikatz.exe"
"WINSTA.dll!WinStationConnectW","61c0810a23580cf492a6ba4f7654566108331e7a4134c968c2d6a05261b2d8a1","HackTool:Win32/Mimikatz!pz","mimikatz.exe"
"WINSTA.dll!WinStationConnectW","ad87ec5a797e31701aefb6261d2b6ce89c3959e36e1523382dce944be3f63704","HackTool:Win32/Mimikatz.D","mimikatz.exe"
"WINSTA.dll!WinStationEnumerateW","9a3bf7ba676bf2f66b794f6cf27f8617f298caa4ccf2ac1ecdcbbef260306194","HackTool:Win32/Mimikatz","mimikatz.exe"
"WINSTA.dll!WinStationEnumerateW","59f9bb49b41f3206b60b4d479000bf9fff7ef73fb1fda55b2eb13231482c8c22","HackTool:Win32/Mimikatz","mimikatz.exe"
"WINSTA.dll!WinStationEnumerateW","b4f9beb47cc56ab08c571560df4496d3cc4656209597968a4c2e9b105ba475db","HackTool:Win32/Mimikatz","mimikatz.exe"
"WINSTA.dll!WinStationEnumerateW","6e37a054bd7c49b233cace747951911f320bd43be8a79ce455b97403c2f7de2c","HackTool:Win32/Mimikatz!pz","mimikatz.exe"
"WINSTA.dll!WinStationEnumerateW","61c0810a23580cf492a6ba4f7654566108331e7a4134c968c2d6a05261b2d8a1","HackTool:Win32/Mimikatz!pz","mimikatz.exe"
"WINSTA.dll!WinStationEnumerateW","ad87ec5a797e31701aefb6261d2b6ce89c3959e36e1523382dce944be3f63704","HackTool:Win32/Mimikatz.D","mimikatz.exe"
"WINSTA.dll!WinStationFreeMemory","59f9bb49b41f3206b60b4d479000bf9fff7ef73fb1fda55b2eb13231482c8c22","HackTool:Win32/Mimikatz","mimikatz.exe"
"WINSTA.dll!WinStationFreeMemory","9a3bf7ba676bf2f66b794f6cf27f8617f298caa4ccf2ac1ecdcbbef260306194","HackTool:Win32/Mimikatz","mimikatz.exe"
"WINSTA.dll!WinStationFreeMemory","b4f9beb47cc56ab08c571560df4496d3cc4656209597968a4c2e9b105ba475db","HackTool:Win32/Mimikatz","mimikatz.exe"
"WINSTA.dll!WinStationFreeMemory","6e37a054bd7c49b233cace747951911f320bd43be8a79ce455b97403c2f7de2c","HackTool:Win32/Mimikatz!pz","mimikatz.exe"
"WINSTA.dll!WinStationFreeMemory","61c0810a23580cf492a6ba4f7654566108331e7a4134c968c2d6a05261b2d8a1","HackTool:Win32/Mimikatz!pz","mimikatz.exe"
"WINSTA.dll!WinStationFreeMemory","ad87ec5a797e31701aefb6261d2b6ce89c3959e36e1523382dce944be3f63704","HackTool:Win32/Mimikatz.D","mimikatz.exe"
"WINSTA.dll!WinStationOpenServerW","b4f9beb47cc56ab08c571560df4496d3cc4656209597968a4c2e9b105ba475db","HackTool:Win32/Mimikatz","mimikatz.exe"
"WINSTA.dll!WinStationOpenServerW","59f9bb49b41f3206b60b4d479000bf9fff7ef73fb1fda55b2eb13231482c8c22","HackTool:Win32/Mimikatz","mimikatz.exe"
"WINSTA.dll!WinStationOpenServerW","9a3bf7ba676bf2f66b794f6cf27f8617f298caa4ccf2ac1ecdcbbef260306194","HackTool:Win32/Mimikatz","mimikatz.exe"
"WINSTA.dll!WinStationOpenServerW","6e37a054bd7c49b233cace747951911f320bd43be8a79ce455b97403c2f7de2c","HackTool:Win32/Mimikatz!pz","mimikatz.exe"
"WINSTA.dll!WinStationOpenServerW","61c0810a23580cf492a6ba4f7654566108331e7a4134c968c2d6a05261b2d8a1","HackTool:Win32/Mimikatz!pz","mimikatz.exe"
"WINSTA.dll!WinStationOpenServerW","ad87ec5a797e31701aefb6261d2b6ce89c3959e36e1523382dce944be3f63704","HackTool:Win32/Mimikatz.D","mimikatz.exe"
"WINSTA.dll!WinStationQueryInformationW","b4f9beb47cc56ab08c571560df4496d3cc4656209597968a4c2e9b105ba475db","HackTool:Win32/Mimikatz","mimikatz.exe"
"WINSTA.dll!WinStationQueryInformationW","9a3bf7ba676bf2f66b794f6cf27f8617f298caa4ccf2ac1ecdcbbef260306194","HackTool:Win32/Mimikatz","mimikatz.exe"
"WINSTA.dll!WinStationQueryInformationW","59f9bb49b41f3206b60b4d479000bf9fff7ef73fb1fda55b2eb13231482c8c22","HackTool:Win32/Mimikatz","mimikatz.exe"
"WINSTA.dll!WinStationQueryInformationW","61c0810a23580cf492a6ba4f7654566108331e7a4134c968c2d6a05261b2d8a1","HackTool:Win32/Mimikatz!pz","mimikatz.exe"
"WINSTA.dll!WinStationQueryInformationW","6e37a054bd7c49b233cace747951911f320bd43be8a79ce455b97403c2f7de2c","HackTool:Win32/Mimikatz!pz","mimikatz.exe"
"WINSTA.dll!WinStationQueryInformationW","ad87ec5a797e31701aefb6261d2b6ce89c3959e36e1523382dce944be3f63704","HackTool:Win32/Mimikatz.D","mimikatz.exe"
"WLDAP32.dll!Ord(113)","9a3bf7ba676bf2f66b794f6cf27f8617f298caa4ccf2ac1ecdcbbef260306194","HackTool:Win32/Mimikatz","mimikatz.exe"
"WLDAP32.dll!Ord(113)","b4f9beb47cc56ab08c571560df4496d3cc4656209597968a4c2e9b105ba475db","HackTool:Win32/Mimikatz","mimikatz.exe"
"WLDAP32.dll!Ord(113)","59f9bb49b41f3206b60b4d479000bf9fff7ef73fb1fda55b2eb13231482c8c22","HackTool:Win32/Mimikatz","mimikatz.exe"
"WLDAP32.dll!Ord(113)","6e37a054bd7c49b233cace747951911f320bd43be8a79ce455b97403c2f7de2c","HackTool:Win32/Mimikatz!pz","mimikatz.exe"
"WLDAP32.dll!Ord(113)","61c0810a23580cf492a6ba4f7654566108331e7a4134c968c2d6a05261b2d8a1","HackTool:Win32/Mimikatz!pz","mimikatz.exe"
"WLDAP32.dll!Ord(113)","ad87ec5a797e31701aefb6261d2b6ce89c3959e36e1523382dce944be3f63704","HackTool:Win32/Mimikatz.D","mimikatz.exe"
"WLDAP32.dll!Ord(122)","b4f9beb47cc56ab08c571560df4496d3cc4656209597968a4c2e9b105ba475db","HackTool:Win32/Mimikatz","mimikatz.exe"
"WLDAP32.dll!Ord(122)","59f9bb49b41f3206b60b4d479000bf9fff7ef73fb1fda55b2eb13231482c8c22","HackTool:Win32/Mimikatz","mimikatz.exe"
"WLDAP32.dll!Ord(122)","9a3bf7ba676bf2f66b794f6cf27f8617f298caa4ccf2ac1ecdcbbef260306194","HackTool:Win32/Mimikatz","mimikatz.exe"
"WLDAP32.dll!Ord(122)","61c0810a23580cf492a6ba4f7654566108331e7a4134c968c2d6a05261b2d8a1","HackTool:Win32/Mimikatz!pz","mimikatz.exe"
"WLDAP32.dll!Ord(122)","6e37a054bd7c49b233cace747951911f320bd43be8a79ce455b97403c2f7de2c","HackTool:Win32/Mimikatz!pz","mimikatz.exe"
"WLDAP32.dll!Ord(122)","ad87ec5a797e31701aefb6261d2b6ce89c3959e36e1523382dce944be3f63704","HackTool:Win32/Mimikatz.D","mimikatz.exe"
"WLDAP32.dll!Ord(139)","9a3bf7ba676bf2f66b794f6cf27f8617f298caa4ccf2ac1ecdcbbef260306194","HackTool:Win32/Mimikatz","mimikatz.exe"
"WLDAP32.dll!Ord(139)","b4f9beb47cc56ab08c571560df4496d3cc4656209597968a4c2e9b105ba475db","HackTool:Win32/Mimikatz","mimikatz.exe"
"WLDAP32.dll!Ord(139)","59f9bb49b41f3206b60b4d479000bf9fff7ef73fb1fda55b2eb13231482c8c22","HackTool:Win32/Mimikatz","mimikatz.exe"
"WLDAP32.dll!Ord(139)","6e37a054bd7c49b233cace747951911f320bd43be8a79ce455b97403c2f7de2c","HackTool:Win32/Mimikatz!pz","mimikatz.exe"
"WLDAP32.dll!Ord(139)","61c0810a23580cf492a6ba4f7654566108331e7a4134c968c2d6a05261b2d8a1","HackTool:Win32/Mimikatz!pz","mimikatz.exe"
"WLDAP32.dll!Ord(139)","ad87ec5a797e31701aefb6261d2b6ce89c3959e36e1523382dce944be3f63704","HackTool:Win32/Mimikatz.D","mimikatz.exe"
"WLDAP32.dll!Ord(157)","b4f9beb47cc56ab08c571560df4496d3cc4656209597968a4c2e9b105ba475db","HackTool:Win32/Mimikatz","mimikatz.exe"
"WLDAP32.dll!Ord(157)","9a3bf7ba676bf2f66b794f6cf27f8617f298caa4ccf2ac1ecdcbbef260306194","HackTool:Win32/Mimikatz","mimikatz.exe"
"WLDAP32.dll!Ord(157)","59f9bb49b41f3206b60b4d479000bf9fff7ef73fb1fda55b2eb13231482c8c22","HackTool:Win32/Mimikatz","mimikatz.exe"
"WLDAP32.dll!Ord(157)","61c0810a23580cf492a6ba4f7654566108331e7a4134c968c2d6a05261b2d8a1","HackTool:Win32/Mimikatz!pz","mimikatz.exe"
"WLDAP32.dll!Ord(157)","6e37a054bd7c49b233cace747951911f320bd43be8a79ce455b97403c2f7de2c","HackTool:Win32/Mimikatz!pz","mimikatz.exe"
"WLDAP32.dll!Ord(157)","ad87ec5a797e31701aefb6261d2b6ce89c3959e36e1523382dce944be3f63704","HackTool:Win32/Mimikatz.D","mimikatz.exe"
"WLDAP32.dll!Ord(223)","59f9bb49b41f3206b60b4d479000bf9fff7ef73fb1fda55b2eb13231482c8c22","HackTool:Win32/Mimikatz","mimikatz.exe"
"WLDAP32.dll!Ord(223)","9a3bf7ba676bf2f66b794f6cf27f8617f298caa4ccf2ac1ecdcbbef260306194","HackTool:Win32/Mimikatz","mimikatz.exe"
"WLDAP32.dll!Ord(223)","b4f9beb47cc56ab08c571560df4496d3cc4656209597968a4c2e9b105ba475db","HackTool:Win32/Mimikatz","mimikatz.exe"
"WLDAP32.dll!Ord(223)","6e37a054bd7c49b233cace747951911f320bd43be8a79ce455b97403c2f7de2c","HackTool:Win32/Mimikatz!pz","mimikatz.exe"
"WLDAP32.dll!Ord(223)","61c0810a23580cf492a6ba4f7654566108331e7a4134c968c2d6a05261b2d8a1","HackTool:Win32/Mimikatz!pz","mimikatz.exe"
"WLDAP32.dll!Ord(223)","ad87ec5a797e31701aefb6261d2b6ce89c3959e36e1523382dce944be3f63704","HackTool:Win32/Mimikatz.D","mimikatz.exe"
"WLDAP32.dll!Ord(304)","9a3bf7ba676bf2f66b794f6cf27f8617f298caa4ccf2ac1ecdcbbef260306194","HackTool:Win32/Mimikatz","mimikatz.exe"
"WLDAP32.dll!Ord(304)","59f9bb49b41f3206b60b4d479000bf9fff7ef73fb1fda55b2eb13231482c8c22","HackTool:Win32/Mimikatz","mimikatz.exe"
"WLDAP32.dll!Ord(304)","b4f9beb47cc56ab08c571560df4496d3cc4656209597968a4c2e9b105ba475db","HackTool:Win32/Mimikatz","mimikatz.exe"
"WLDAP32.dll!Ord(304)","6e37a054bd7c49b233cace747951911f320bd43be8a79ce455b97403c2f7de2c","HackTool:Win32/Mimikatz!pz","mimikatz.exe"
"WLDAP32.dll!Ord(304)","61c0810a23580cf492a6ba4f7654566108331e7a4134c968c2d6a05261b2d8a1","HackTool:Win32/Mimikatz!pz","mimikatz.exe"
"WLDAP32.dll!Ord(304)","ad87ec5a797e31701aefb6261d2b6ce89c3959e36e1523382dce944be3f63704","HackTool:Win32/Mimikatz.D","mimikatz.exe"
"WLDAP32.dll!Ord(309)","b4f9beb47cc56ab08c571560df4496d3cc4656209597968a4c2e9b105ba475db","HackTool:Win32/Mimikatz","mimikatz.exe"
"WLDAP32.dll!Ord(309)","59f9bb49b41f3206b60b4d479000bf9fff7ef73fb1fda55b2eb13231482c8c22","HackTool:Win32/Mimikatz","mimikatz.exe"
"WLDAP32.dll!Ord(309)","9a3bf7ba676bf2f66b794f6cf27f8617f298caa4ccf2ac1ecdcbbef260306194","HackTool:Win32/Mimikatz","mimikatz.exe"
"WLDAP32.dll!Ord(309)","6e37a054bd7c49b233cace747951911f320bd43be8a79ce455b97403c2f7de2c","HackTool:Win32/Mimikatz!pz","mimikatz.exe"
"WLDAP32.dll!Ord(309)","61c0810a23580cf492a6ba4f7654566108331e7a4134c968c2d6a05261b2d8a1","HackTool:Win32/Mimikatz!pz","mimikatz.exe"
"WLDAP32.dll!Ord(309)","ad87ec5a797e31701aefb6261d2b6ce89c3959e36e1523382dce944be3f63704","HackTool:Win32/Mimikatz.D","mimikatz.exe"
"WLDAP32.dll!Ord(310)","b4f9beb47cc56ab08c571560df4496d3cc4656209597968a4c2e9b105ba475db","HackTool:Win32/Mimikatz","mimikatz.exe"
"WLDAP32.dll!Ord(310)","59f9bb49b41f3206b60b4d479000bf9fff7ef73fb1fda55b2eb13231482c8c22","HackTool:Win32/Mimikatz","mimikatz.exe"
"WLDAP32.dll!Ord(310)","9a3bf7ba676bf2f66b794f6cf27f8617f298caa4ccf2ac1ecdcbbef260306194","HackTool:Win32/Mimikatz","mimikatz.exe"
"WLDAP32.dll!Ord(310)","61c0810a23580cf492a6ba4f7654566108331e7a4134c968c2d6a05261b2d8a1","HackTool:Win32/Mimikatz!pz","mimikatz.exe"
"WLDAP32.dll!Ord(310)","6e37a054bd7c49b233cace747951911f320bd43be8a79ce455b97403c2f7de2c","HackTool:Win32/Mimikatz!pz","mimikatz.exe"
"WLDAP32.dll!Ord(310)","ad87ec5a797e31701aefb6261d2b6ce89c3959e36e1523382dce944be3f63704","HackTool:Win32/Mimikatz.D","mimikatz.exe"
"WLDAP32.dll!Ord(69)","9a3bf7ba676bf2f66b794f6cf27f8617f298caa4ccf2ac1ecdcbbef260306194","HackTool:Win32/Mimikatz","mimikatz.exe"
"WLDAP32.dll!Ord(69)","59f9bb49b41f3206b60b4d479000bf9fff7ef73fb1fda55b2eb13231482c8c22","HackTool:Win32/Mimikatz","mimikatz.exe"
"WLDAP32.dll!Ord(69)","b4f9beb47cc56ab08c571560df4496d3cc4656209597968a4c2e9b105ba475db","HackTool:Win32/Mimikatz","mimikatz.exe"
"WLDAP32.dll!Ord(69)","61c0810a23580cf492a6ba4f7654566108331e7a4134c968c2d6a05261b2d8a1","HackTool:Win32/Mimikatz!pz","mimikatz.exe"
"WLDAP32.dll!Ord(69)","6e37a054bd7c49b233cace747951911f320bd43be8a79ce455b97403c2f7de2c","HackTool:Win32/Mimikatz!pz","mimikatz.exe"
"WLDAP32.dll!Ord(69)","ad87ec5a797e31701aefb6261d2b6ce89c3959e36e1523382dce944be3f63704","HackTool:Win32/Mimikatz.D","mimikatz.exe"
"WLDAP32.dll!Ord(77)","59f9bb49b41f3206b60b4d479000bf9fff7ef73fb1fda55b2eb13231482c8c22","HackTool:Win32/Mimikatz","mimikatz.exe"
"WLDAP32.dll!Ord(77)","b4f9beb47cc56ab08c571560df4496d3cc4656209597968a4c2e9b105ba475db","HackTool:Win32/Mimikatz","mimikatz.exe"
"WLDAP32.dll!Ord(77)","9a3bf7ba676bf2f66b794f6cf27f8617f298caa4ccf2ac1ecdcbbef260306194","HackTool:Win32/Mimikatz","mimikatz.exe"
"WLDAP32.dll!Ord(77)","6e37a054bd7c49b233cace747951911f320bd43be8a79ce455b97403c2f7de2c","HackTool:Win32/Mimikatz!pz","mimikatz.exe"
"WLDAP32.dll!Ord(77)","61c0810a23580cf492a6ba4f7654566108331e7a4134c968c2d6a05261b2d8a1","HackTool:Win32/Mimikatz!pz","mimikatz.exe"
"WLDAP32.dll!Ord(77)","ad87ec5a797e31701aefb6261d2b6ce89c3959e36e1523382dce944be3f63704","HackTool:Win32/Mimikatz.D","mimikatz.exe"
"WLDAP32.dll!Ord(96)","b4f9beb47cc56ab08c571560df4496d3cc4656209597968a4c2e9b105ba475db","HackTool:Win32/Mimikatz","mimikatz.exe"
"WLDAP32.dll!Ord(96)","9a3bf7ba676bf2f66b794f6cf27f8617f298caa4ccf2ac1ecdcbbef260306194","HackTool:Win32/Mimikatz","mimikatz.exe"
"WLDAP32.dll!Ord(96)","59f9bb49b41f3206b60b4d479000bf9fff7ef73fb1fda55b2eb13231482c8c22","HackTool:Win32/Mimikatz","mimikatz.exe"
"WLDAP32.dll!Ord(96)","6e37a054bd7c49b233cace747951911f320bd43be8a79ce455b97403c2f7de2c","HackTool:Win32/Mimikatz!pz","mimikatz.exe"
"WLDAP32.dll!Ord(96)","61c0810a23580cf492a6ba4f7654566108331e7a4134c968c2d6a05261b2d8a1","HackTool:Win32/Mimikatz!pz","mimikatz.exe"
"WLDAP32.dll!Ord(96)","ad87ec5a797e31701aefb6261d2b6ce89c3959e36e1523382dce944be3f63704","HackTool:Win32/Mimikatz.D","mimikatz.exe"
