"Indicator_Type","Unique_Item","File_Hash","Malware_Family","Meaningful_Name","Last_Observation_Date"
"Sigma Rule","Potential System DLL Sideloading From Non System Locations","ac29c2dbec74dd4c05fa4ea4544c2e619f62cfe3b874746d94a13cf7ce3cbeff","Trojan:Win32/Wacatac.B!ml","C:\Windows\System32\ntdll.dll","2025-10-22"
"VT Tag","64bits","ac29c2dbec74dd4c05fa4ea4544c2e619f62cfe3b874746d94a13cf7ce3cbeff","Trojan:Win32/Wacatac.B!ml","C:\Windows\System32\ntdll.dll","2025-10-22"
"VT Tag","64bits","aef610b66b9efd1fa916a38f8ffea8b988c20c5deebf4db83b6be63f7ada2cc0","Trojan:Win32/CryptAgent!dha","aef610b66b9efd1fa916a38f8ffea8b988c20c5deebf4db83b6be63f7ada2cc0.exe","2021-03-10"
"VT Tag","assembly","aef610b66b9efd1fa916a38f8ffea8b988c20c5deebf4db83b6be63f7ada2cc0","Trojan:Win32/CryptAgent!dha","aef610b66b9efd1fa916a38f8ffea8b988c20c5deebf4db83b6be63f7ada2cc0.exe","2021-03-10"
"VT Tag","detect-debug-environment","ac29c2dbec74dd4c05fa4ea4544c2e619f62cfe3b874746d94a13cf7ce3cbeff","Trojan:Win32/Wacatac.B!ml","C:\Windows\System32\ntdll.dll","2025-10-22"
"VT Tag","pedll","aef610b66b9efd1fa916a38f8ffea8b988c20c5deebf4db83b6be63f7ada2cc0","Trojan:Win32/CryptAgent!dha","aef610b66b9efd1fa916a38f8ffea8b988c20c5deebf4db83b6be63f7ada2cc0.exe","2021-03-10"
"VT Tag","pedll","ac29c2dbec74dd4c05fa4ea4544c2e619f62cfe3b874746d94a13cf7ce3cbeff","Trojan:Win32/Wacatac.B!ml","C:\Windows\System32\ntdll.dll","2025-10-22"
"VT Tag","spreader","aef610b66b9efd1fa916a38f8ffea8b988c20c5deebf4db83b6be63f7ada2cc0","Trojan:Win32/CryptAgent!dha","aef610b66b9efd1fa916a38f8ffea8b988c20c5deebf4db83b6be63f7ada2cc0.exe","2021-03-10"
"VT Tag","via-tor","aef610b66b9efd1fa916a38f8ffea8b988c20c5deebf4db83b6be63f7ada2cc0","Trojan:Win32/CryptAgent!dha","aef610b66b9efd1fa916a38f8ffea8b988c20c5deebf4db83b6be63f7ada2cc0.exe","2021-03-10"
"Windows API","GDI32.dll!CreateDCW","aef610b66b9efd1fa916a38f8ffea8b988c20c5deebf4db83b6be63f7ada2cc0","Trojan:Win32/CryptAgent!dha","aef610b66b9efd1fa916a38f8ffea8b988c20c5deebf4db83b6be63f7ada2cc0.exe","2021-03-10"
"Windows API","GDI32.dll!GetDeviceCaps","aef610b66b9efd1fa916a38f8ffea8b988c20c5deebf4db83b6be63f7ada2cc0","Trojan:Win32/CryptAgent!dha","aef610b66b9efd1fa916a38f8ffea8b988c20c5deebf4db83b6be63f7ada2cc0.exe","2021-03-10"
"Windows API","KERNEL32.dll!ChangeTimerQueueTimer","ac29c2dbec74dd4c05fa4ea4544c2e619f62cfe3b874746d94a13cf7ce3cbeff","Trojan:Win32/Wacatac.B!ml","C:\Windows\System32\ntdll.dll","2025-10-22"
"Windows API","KERNEL32.dll!CloseHandle","ac29c2dbec74dd4c05fa4ea4544c2e619f62cfe3b874746d94a13cf7ce3cbeff","Trojan:Win32/Wacatac.B!ml","C:\Windows\System32\ntdll.dll","2025-10-22"
"Windows API","KERNEL32.dll!CloseHandle","aef610b66b9efd1fa916a38f8ffea8b988c20c5deebf4db83b6be63f7ada2cc0","Trojan:Win32/CryptAgent!dha","aef610b66b9efd1fa916a38f8ffea8b988c20c5deebf4db83b6be63f7ada2cc0.exe","2021-03-10"
"Windows API","KERNEL32.dll!CompareStringW","aef610b66b9efd1fa916a38f8ffea8b988c20c5deebf4db83b6be63f7ada2cc0","Trojan:Win32/CryptAgent!dha","aef610b66b9efd1fa916a38f8ffea8b988c20c5deebf4db83b6be63f7ada2cc0.exe","2021-03-10"
"Windows API","KERNEL32.dll!CreateFileW","aef610b66b9efd1fa916a38f8ffea8b988c20c5deebf4db83b6be63f7ada2cc0","Trojan:Win32/CryptAgent!dha","aef610b66b9efd1fa916a38f8ffea8b988c20c5deebf4db83b6be63f7ada2cc0.exe","2021-03-10"
"Windows API","KERNEL32.dll!CreateFileW","ac29c2dbec74dd4c05fa4ea4544c2e619f62cfe3b874746d94a13cf7ce3cbeff","Trojan:Win32/Wacatac.B!ml","C:\Windows\System32\ntdll.dll","2025-10-22"
"Windows API","KERNEL32.dll!CreateJobSet","ac29c2dbec74dd4c05fa4ea4544c2e619f62cfe3b874746d94a13cf7ce3cbeff","Trojan:Win32/Wacatac.B!ml","C:\Windows\System32\ntdll.dll","2025-10-22"
"Windows API","KERNEL32.dll!CreateProcessA","aef610b66b9efd1fa916a38f8ffea8b988c20c5deebf4db83b6be63f7ada2cc0","Trojan:Win32/CryptAgent!dha","aef610b66b9efd1fa916a38f8ffea8b988c20c5deebf4db83b6be63f7ada2cc0.exe","2021-03-10"
"Windows API","KERNEL32.dll!CreateSemaphoreA","ac29c2dbec74dd4c05fa4ea4544c2e619f62cfe3b874746d94a13cf7ce3cbeff","Trojan:Win32/Wacatac.B!ml","C:\Windows\System32\ntdll.dll","2025-10-22"
"Windows API","KERNEL32.dll!DecodePointer","ac29c2dbec74dd4c05fa4ea4544c2e619f62cfe3b874746d94a13cf7ce3cbeff","Trojan:Win32/Wacatac.B!ml","C:\Windows\System32\ntdll.dll","2025-10-22"
"Windows API","KERNEL32.dll!DecodePointer","aef610b66b9efd1fa916a38f8ffea8b988c20c5deebf4db83b6be63f7ada2cc0","Trojan:Win32/CryptAgent!dha","aef610b66b9efd1fa916a38f8ffea8b988c20c5deebf4db83b6be63f7ada2cc0.exe","2021-03-10"
"Windows API","KERNEL32.dll!DeleteCriticalSection","aef610b66b9efd1fa916a38f8ffea8b988c20c5deebf4db83b6be63f7ada2cc0","Trojan:Win32/CryptAgent!dha","aef610b66b9efd1fa916a38f8ffea8b988c20c5deebf4db83b6be63f7ada2cc0.exe","2021-03-10"
"Windows API","KERNEL32.dll!DeleteCriticalSection","ac29c2dbec74dd4c05fa4ea4544c2e619f62cfe3b874746d94a13cf7ce3cbeff","Trojan:Win32/Wacatac.B!ml","C:\Windows\System32\ntdll.dll","2025-10-22"
"Windows API","KERNEL32.dll!EncodePointer","ac29c2dbec74dd4c05fa4ea4544c2e619f62cfe3b874746d94a13cf7ce3cbeff","Trojan:Win32/Wacatac.B!ml","C:\Windows\System32\ntdll.dll","2025-10-22"
"Windows API","KERNEL32.dll!EncodePointer","aef610b66b9efd1fa916a38f8ffea8b988c20c5deebf4db83b6be63f7ada2cc0","Trojan:Win32/CryptAgent!dha","aef610b66b9efd1fa916a38f8ffea8b988c20c5deebf4db83b6be63f7ada2cc0.exe","2021-03-10"
"Windows API","KERNEL32.dll!EnterCriticalSection","aef610b66b9efd1fa916a38f8ffea8b988c20c5deebf4db83b6be63f7ada2cc0","Trojan:Win32/CryptAgent!dha","aef610b66b9efd1fa916a38f8ffea8b988c20c5deebf4db83b6be63f7ada2cc0.exe","2021-03-10"
"Windows API","KERNEL32.dll!EnterCriticalSection","ac29c2dbec74dd4c05fa4ea4544c2e619f62cfe3b874746d94a13cf7ce3cbeff","Trojan:Win32/Wacatac.B!ml","C:\Windows\System32\ntdll.dll","2025-10-22"
"Windows API","KERNEL32.dll!EnumSystemCodePagesW","ac29c2dbec74dd4c05fa4ea4544c2e619f62cfe3b874746d94a13cf7ce3cbeff","Trojan:Win32/Wacatac.B!ml","C:\Windows\System32\ntdll.dll","2025-10-22"
"Windows API","KERNEL32.dll!EnumSystemLocalesA","ac29c2dbec74dd4c05fa4ea4544c2e619f62cfe3b874746d94a13cf7ce3cbeff","Trojan:Win32/Wacatac.B!ml","C:\Windows\System32\ntdll.dll","2025-10-22"
"Windows API","KERNEL32.dll!EnumSystemLocalesA","aef610b66b9efd1fa916a38f8ffea8b988c20c5deebf4db83b6be63f7ada2cc0","Trojan:Win32/CryptAgent!dha","aef610b66b9efd1fa916a38f8ffea8b988c20c5deebf4db83b6be63f7ada2cc0.exe","2021-03-10"
"Windows API","KERNEL32.dll!ExitProcess","ac29c2dbec74dd4c05fa4ea4544c2e619f62cfe3b874746d94a13cf7ce3cbeff","Trojan:Win32/Wacatac.B!ml","C:\Windows\System32\ntdll.dll","2025-10-22"
"Windows API","KERNEL32.dll!ExitProcess","aef610b66b9efd1fa916a38f8ffea8b988c20c5deebf4db83b6be63f7ada2cc0","Trojan:Win32/CryptAgent!dha","aef610b66b9efd1fa916a38f8ffea8b988c20c5deebf4db83b6be63f7ada2cc0.exe","2021-03-10"
"Windows API","KERNEL32.dll!FindNextFileA","ac29c2dbec74dd4c05fa4ea4544c2e619f62cfe3b874746d94a13cf7ce3cbeff","Trojan:Win32/Wacatac.B!ml","C:\Windows\System32\ntdll.dll","2025-10-22"
"Windows API","KERNEL32.dll!FindResourceA","ac29c2dbec74dd4c05fa4ea4544c2e619f62cfe3b874746d94a13cf7ce3cbeff","Trojan:Win32/Wacatac.B!ml","C:\Windows\System32\ntdll.dll","2025-10-22"
"Windows API","KERNEL32.dll!FlsAlloc","ac29c2dbec74dd4c05fa4ea4544c2e619f62cfe3b874746d94a13cf7ce3cbeff","Trojan:Win32/Wacatac.B!ml","C:\Windows\System32\ntdll.dll","2025-10-22"
"Windows API","KERNEL32.dll!FlsAlloc","aef610b66b9efd1fa916a38f8ffea8b988c20c5deebf4db83b6be63f7ada2cc0","Trojan:Win32/CryptAgent!dha","aef610b66b9efd1fa916a38f8ffea8b988c20c5deebf4db83b6be63f7ada2cc0.exe","2021-03-10"
"Windows API","KERNEL32.dll!FlsFree","aef610b66b9efd1fa916a38f8ffea8b988c20c5deebf4db83b6be63f7ada2cc0","Trojan:Win32/CryptAgent!dha","aef610b66b9efd1fa916a38f8ffea8b988c20c5deebf4db83b6be63f7ada2cc0.exe","2021-03-10"
"Windows API","KERNEL32.dll!FlsFree","ac29c2dbec74dd4c05fa4ea4544c2e619f62cfe3b874746d94a13cf7ce3cbeff","Trojan:Win32/Wacatac.B!ml","C:\Windows\System32\ntdll.dll","2025-10-22"
"Windows API","KERNEL32.dll!FlsGetValue","aef610b66b9efd1fa916a38f8ffea8b988c20c5deebf4db83b6be63f7ada2cc0","Trojan:Win32/CryptAgent!dha","aef610b66b9efd1fa916a38f8ffea8b988c20c5deebf4db83b6be63f7ada2cc0.exe","2021-03-10"
"Windows API","KERNEL32.dll!FlsGetValue","ac29c2dbec74dd4c05fa4ea4544c2e619f62cfe3b874746d94a13cf7ce3cbeff","Trojan:Win32/Wacatac.B!ml","C:\Windows\System32\ntdll.dll","2025-10-22"
"Windows API","KERNEL32.dll!FlsSetValue","ac29c2dbec74dd4c05fa4ea4544c2e619f62cfe3b874746d94a13cf7ce3cbeff","Trojan:Win32/Wacatac.B!ml","C:\Windows\System32\ntdll.dll","2025-10-22"
"Windows API","KERNEL32.dll!FlsSetValue","aef610b66b9efd1fa916a38f8ffea8b988c20c5deebf4db83b6be63f7ada2cc0","Trojan:Win32/CryptAgent!dha","aef610b66b9efd1fa916a38f8ffea8b988c20c5deebf4db83b6be63f7ada2cc0.exe","2021-03-10"
"Windows API","KERNEL32.dll!FlushFileBuffers","aef610b66b9efd1fa916a38f8ffea8b988c20c5deebf4db83b6be63f7ada2cc0","Trojan:Win32/CryptAgent!dha","aef610b66b9efd1fa916a38f8ffea8b988c20c5deebf4db83b6be63f7ada2cc0.exe","2021-03-10"
"Windows API","KERNEL32.dll!FlushFileBuffers","ac29c2dbec74dd4c05fa4ea4544c2e619f62cfe3b874746d94a13cf7ce3cbeff","Trojan:Win32/Wacatac.B!ml","C:\Windows\System32\ntdll.dll","2025-10-22"
"Windows API","KERNEL32.dll!FlushViewOfFile","ac29c2dbec74dd4c05fa4ea4544c2e619f62cfe3b874746d94a13cf7ce3cbeff","Trojan:Win32/Wacatac.B!ml","C:\Windows\System32\ntdll.dll","2025-10-22"
"Windows API","KERNEL32.dll!FreeEnvironmentStringsW","ac29c2dbec74dd4c05fa4ea4544c2e619f62cfe3b874746d94a13cf7ce3cbeff","Trojan:Win32/Wacatac.B!ml","C:\Windows\System32\ntdll.dll","2025-10-22"
"Windows API","KERNEL32.dll!FreeEnvironmentStringsW","aef610b66b9efd1fa916a38f8ffea8b988c20c5deebf4db83b6be63f7ada2cc0","Trojan:Win32/CryptAgent!dha","aef610b66b9efd1fa916a38f8ffea8b988c20c5deebf4db83b6be63f7ada2cc0.exe","2021-03-10"
"Windows API","KERNEL32.dll!GetACP","ac29c2dbec74dd4c05fa4ea4544c2e619f62cfe3b874746d94a13cf7ce3cbeff","Trojan:Win32/Wacatac.B!ml","C:\Windows\System32\ntdll.dll","2025-10-22"
"Windows API","KERNEL32.dll!GetACP","aef610b66b9efd1fa916a38f8ffea8b988c20c5deebf4db83b6be63f7ada2cc0","Trojan:Win32/CryptAgent!dha","aef610b66b9efd1fa916a38f8ffea8b988c20c5deebf4db83b6be63f7ada2cc0.exe","2021-03-10"
"Windows API","KERNEL32.dll!GetCommandLineA","aef610b66b9efd1fa916a38f8ffea8b988c20c5deebf4db83b6be63f7ada2cc0","Trojan:Win32/CryptAgent!dha","aef610b66b9efd1fa916a38f8ffea8b988c20c5deebf4db83b6be63f7ada2cc0.exe","2021-03-10"
"Windows API","KERNEL32.dll!GetCommandLineA","ac29c2dbec74dd4c05fa4ea4544c2e619f62cfe3b874746d94a13cf7ce3cbeff","Trojan:Win32/Wacatac.B!ml","C:\Windows\System32\ntdll.dll","2025-10-22"
"Windows API","KERNEL32.dll!GetConsoleCP","ac29c2dbec74dd4c05fa4ea4544c2e619f62cfe3b874746d94a13cf7ce3cbeff","Trojan:Win32/Wacatac.B!ml","C:\Windows\System32\ntdll.dll","2025-10-22"
"Windows API","KERNEL32.dll!GetConsoleCP","aef610b66b9efd1fa916a38f8ffea8b988c20c5deebf4db83b6be63f7ada2cc0","Trojan:Win32/CryptAgent!dha","aef610b66b9efd1fa916a38f8ffea8b988c20c5deebf4db83b6be63f7ada2cc0.exe","2021-03-10"
"Windows API","KERNEL32.dll!GetConsoleMode","aef610b66b9efd1fa916a38f8ffea8b988c20c5deebf4db83b6be63f7ada2cc0","Trojan:Win32/CryptAgent!dha","aef610b66b9efd1fa916a38f8ffea8b988c20c5deebf4db83b6be63f7ada2cc0.exe","2021-03-10"
"Windows API","KERNEL32.dll!GetConsoleMode","ac29c2dbec74dd4c05fa4ea4544c2e619f62cfe3b874746d94a13cf7ce3cbeff","Trojan:Win32/Wacatac.B!ml","C:\Windows\System32\ntdll.dll","2025-10-22"
"Windows API","KERNEL32.dll!GetConsoleOutputCP","ac29c2dbec74dd4c05fa4ea4544c2e619f62cfe3b874746d94a13cf7ce3cbeff","Trojan:Win32/Wacatac.B!ml","C:\Windows\System32\ntdll.dll","2025-10-22"
"Windows API","KERNEL32.dll!GetConsoleScreenBufferInfo","aef610b66b9efd1fa916a38f8ffea8b988c20c5deebf4db83b6be63f7ada2cc0","Trojan:Win32/CryptAgent!dha","aef610b66b9efd1fa916a38f8ffea8b988c20c5deebf4db83b6be63f7ada2cc0.exe","2021-03-10"
"Windows API","KERNEL32.dll!GetConsoleTitleW","ac29c2dbec74dd4c05fa4ea4544c2e619f62cfe3b874746d94a13cf7ce3cbeff","Trojan:Win32/Wacatac.B!ml","C:\Windows\System32\ntdll.dll","2025-10-22"
"Windows API","KERNEL32.dll!GetCPInfo","aef610b66b9efd1fa916a38f8ffea8b988c20c5deebf4db83b6be63f7ada2cc0","Trojan:Win32/CryptAgent!dha","aef610b66b9efd1fa916a38f8ffea8b988c20c5deebf4db83b6be63f7ada2cc0.exe","2021-03-10"
"Windows API","KERNEL32.dll!GetCPInfo","ac29c2dbec74dd4c05fa4ea4544c2e619f62cfe3b874746d94a13cf7ce3cbeff","Trojan:Win32/Wacatac.B!ml","C:\Windows\System32\ntdll.dll","2025-10-22"
"Windows API","KERNEL32.dll!GetCurrentConsoleFontEx","aef610b66b9efd1fa916a38f8ffea8b988c20c5deebf4db83b6be63f7ada2cc0","Trojan:Win32/CryptAgent!dha","aef610b66b9efd1fa916a38f8ffea8b988c20c5deebf4db83b6be63f7ada2cc0.exe","2021-03-10"
"Windows API","KERNEL32.dll!GetCurrentProcess","aef610b66b9efd1fa916a38f8ffea8b988c20c5deebf4db83b6be63f7ada2cc0","Trojan:Win32/CryptAgent!dha","aef610b66b9efd1fa916a38f8ffea8b988c20c5deebf4db83b6be63f7ada2cc0.exe","2021-03-10"
"Windows API","KERNEL32.dll!GetCurrentProcess","ac29c2dbec74dd4c05fa4ea4544c2e619f62cfe3b874746d94a13cf7ce3cbeff","Trojan:Win32/Wacatac.B!ml","C:\Windows\System32\ntdll.dll","2025-10-22"
"Windows API","KERNEL32.dll!GetCurrentProcessId","aef610b66b9efd1fa916a38f8ffea8b988c20c5deebf4db83b6be63f7ada2cc0","Trojan:Win32/CryptAgent!dha","aef610b66b9efd1fa916a38f8ffea8b988c20c5deebf4db83b6be63f7ada2cc0.exe","2021-03-10"
"Windows API","KERNEL32.dll!GetCurrentProcessId","ac29c2dbec74dd4c05fa4ea4544c2e619f62cfe3b874746d94a13cf7ce3cbeff","Trojan:Win32/Wacatac.B!ml","C:\Windows\System32\ntdll.dll","2025-10-22"
"Windows API","KERNEL32.dll!GetCurrentThreadId","ac29c2dbec74dd4c05fa4ea4544c2e619f62cfe3b874746d94a13cf7ce3cbeff","Trojan:Win32/Wacatac.B!ml","C:\Windows\System32\ntdll.dll","2025-10-22"
"Windows API","KERNEL32.dll!GetCurrentThreadId","aef610b66b9efd1fa916a38f8ffea8b988c20c5deebf4db83b6be63f7ada2cc0","Trojan:Win32/CryptAgent!dha","aef610b66b9efd1fa916a38f8ffea8b988c20c5deebf4db83b6be63f7ada2cc0.exe","2021-03-10"
"Windows API","KERNEL32.dll!GetEnvironmentStringsW","aef610b66b9efd1fa916a38f8ffea8b988c20c5deebf4db83b6be63f7ada2cc0","Trojan:Win32/CryptAgent!dha","aef610b66b9efd1fa916a38f8ffea8b988c20c5deebf4db83b6be63f7ada2cc0.exe","2021-03-10"
"Windows API","KERNEL32.dll!GetEnvironmentStringsW","ac29c2dbec74dd4c05fa4ea4544c2e619f62cfe3b874746d94a13cf7ce3cbeff","Trojan:Win32/Wacatac.B!ml","C:\Windows\System32\ntdll.dll","2025-10-22"
"Windows API","KERNEL32.dll!GetExitCodeProcess","aef610b66b9efd1fa916a38f8ffea8b988c20c5deebf4db83b6be63f7ada2cc0","Trojan:Win32/CryptAgent!dha","aef610b66b9efd1fa916a38f8ffea8b988c20c5deebf4db83b6be63f7ada2cc0.exe","2021-03-10"
"Windows API","KERNEL32.dll!GetFileAttributesA","aef610b66b9efd1fa916a38f8ffea8b988c20c5deebf4db83b6be63f7ada2cc0","Trojan:Win32/CryptAgent!dha","aef610b66b9efd1fa916a38f8ffea8b988c20c5deebf4db83b6be63f7ada2cc0.exe","2021-03-10"
"Windows API","KERNEL32.dll!GetFileType","aef610b66b9efd1fa916a38f8ffea8b988c20c5deebf4db83b6be63f7ada2cc0","Trojan:Win32/CryptAgent!dha","aef610b66b9efd1fa916a38f8ffea8b988c20c5deebf4db83b6be63f7ada2cc0.exe","2021-03-10"
"Windows API","KERNEL32.dll!GetFileType","ac29c2dbec74dd4c05fa4ea4544c2e619f62cfe3b874746d94a13cf7ce3cbeff","Trojan:Win32/Wacatac.B!ml","C:\Windows\System32\ntdll.dll","2025-10-22"
"Windows API","KERNEL32.dll!GetLastError","ac29c2dbec74dd4c05fa4ea4544c2e619f62cfe3b874746d94a13cf7ce3cbeff","Trojan:Win32/Wacatac.B!ml","C:\Windows\System32\ntdll.dll","2025-10-22"
"Windows API","KERNEL32.dll!GetLastError","aef610b66b9efd1fa916a38f8ffea8b988c20c5deebf4db83b6be63f7ada2cc0","Trojan:Win32/CryptAgent!dha","aef610b66b9efd1fa916a38f8ffea8b988c20c5deebf4db83b6be63f7ada2cc0.exe","2021-03-10"
"Windows API","KERNEL32.dll!GetLocaleInfoA","ac29c2dbec74dd4c05fa4ea4544c2e619f62cfe3b874746d94a13cf7ce3cbeff","Trojan:Win32/Wacatac.B!ml","C:\Windows\System32\ntdll.dll","2025-10-22"
"Windows API","KERNEL32.dll!GetLocaleInfoA","aef610b66b9efd1fa916a38f8ffea8b988c20c5deebf4db83b6be63f7ada2cc0","Trojan:Win32/CryptAgent!dha","aef610b66b9efd1fa916a38f8ffea8b988c20c5deebf4db83b6be63f7ada2cc0.exe","2021-03-10"
"Windows API","KERNEL32.dll!GetLocaleInfoW","aef610b66b9efd1fa916a38f8ffea8b988c20c5deebf4db83b6be63f7ada2cc0","Trojan:Win32/CryptAgent!dha","aef610b66b9efd1fa916a38f8ffea8b988c20c5deebf4db83b6be63f7ada2cc0.exe","2021-03-10"
"Windows API","KERNEL32.dll!GetLocaleInfoW","ac29c2dbec74dd4c05fa4ea4544c2e619f62cfe3b874746d94a13cf7ce3cbeff","Trojan:Win32/Wacatac.B!ml","C:\Windows\System32\ntdll.dll","2025-10-22"
"Windows API","KERNEL32.dll!GetModuleFileNameA","aef610b66b9efd1fa916a38f8ffea8b988c20c5deebf4db83b6be63f7ada2cc0","Trojan:Win32/CryptAgent!dha","aef610b66b9efd1fa916a38f8ffea8b988c20c5deebf4db83b6be63f7ada2cc0.exe","2021-03-10"
"Windows API","KERNEL32.dll!GetModuleFileNameA","ac29c2dbec74dd4c05fa4ea4544c2e619f62cfe3b874746d94a13cf7ce3cbeff","Trojan:Win32/Wacatac.B!ml","C:\Windows\System32\ntdll.dll","2025-10-22"
"Windows API","KERNEL32.dll!GetModuleFileNameW","aef610b66b9efd1fa916a38f8ffea8b988c20c5deebf4db83b6be63f7ada2cc0","Trojan:Win32/CryptAgent!dha","aef610b66b9efd1fa916a38f8ffea8b988c20c5deebf4db83b6be63f7ada2cc0.exe","2021-03-10"
"Windows API","KERNEL32.dll!GetModuleFileNameW","ac29c2dbec74dd4c05fa4ea4544c2e619f62cfe3b874746d94a13cf7ce3cbeff","Trojan:Win32/Wacatac.B!ml","C:\Windows\System32\ntdll.dll","2025-10-22"
"Windows API","KERNEL32.dll!GetModuleHandleW","ac29c2dbec74dd4c05fa4ea4544c2e619f62cfe3b874746d94a13cf7ce3cbeff","Trojan:Win32/Wacatac.B!ml","C:\Windows\System32\ntdll.dll","2025-10-22"
"Windows API","KERNEL32.dll!GetModuleHandleW","aef610b66b9efd1fa916a38f8ffea8b988c20c5deebf4db83b6be63f7ada2cc0","Trojan:Win32/CryptAgent!dha","aef610b66b9efd1fa916a38f8ffea8b988c20c5deebf4db83b6be63f7ada2cc0.exe","2021-03-10"
"Windows API","KERNEL32.dll!GetNumaHighestNodeNumber","ac29c2dbec74dd4c05fa4ea4544c2e619f62cfe3b874746d94a13cf7ce3cbeff","Trojan:Win32/Wacatac.B!ml","C:\Windows\System32\ntdll.dll","2025-10-22"
"Windows API","KERNEL32.dll!GetOEMCP","ac29c2dbec74dd4c05fa4ea4544c2e619f62cfe3b874746d94a13cf7ce3cbeff","Trojan:Win32/Wacatac.B!ml","C:\Windows\System32\ntdll.dll","2025-10-22"
"Windows API","KERNEL32.dll!GetOEMCP","aef610b66b9efd1fa916a38f8ffea8b988c20c5deebf4db83b6be63f7ada2cc0","Trojan:Win32/CryptAgent!dha","aef610b66b9efd1fa916a38f8ffea8b988c20c5deebf4db83b6be63f7ada2cc0.exe","2021-03-10"
"Windows API","KERNEL32.dll!GetProcAddress","aef610b66b9efd1fa916a38f8ffea8b988c20c5deebf4db83b6be63f7ada2cc0","Trojan:Win32/CryptAgent!dha","aef610b66b9efd1fa916a38f8ffea8b988c20c5deebf4db83b6be63f7ada2cc0.exe","2021-03-10"
"Windows API","KERNEL32.dll!GetProcAddress","ac29c2dbec74dd4c05fa4ea4544c2e619f62cfe3b874746d94a13cf7ce3cbeff","Trojan:Win32/Wacatac.B!ml","C:\Windows\System32\ntdll.dll","2025-10-22"
"Windows API","KERNEL32.dll!GetProcessVersion","ac29c2dbec74dd4c05fa4ea4544c2e619f62cfe3b874746d94a13cf7ce3cbeff","Trojan:Win32/Wacatac.B!ml","C:\Windows\System32\ntdll.dll","2025-10-22"
"Windows API","KERNEL32.dll!GetStartupInfoW","ac29c2dbec74dd4c05fa4ea4544c2e619f62cfe3b874746d94a13cf7ce3cbeff","Trojan:Win32/Wacatac.B!ml","C:\Windows\System32\ntdll.dll","2025-10-22"
"Windows API","KERNEL32.dll!GetStartupInfoW","aef610b66b9efd1fa916a38f8ffea8b988c20c5deebf4db83b6be63f7ada2cc0","Trojan:Win32/CryptAgent!dha","aef610b66b9efd1fa916a38f8ffea8b988c20c5deebf4db83b6be63f7ada2cc0.exe","2021-03-10"
"Windows API","KERNEL32.dll!GetStdHandle","ac29c2dbec74dd4c05fa4ea4544c2e619f62cfe3b874746d94a13cf7ce3cbeff","Trojan:Win32/Wacatac.B!ml","C:\Windows\System32\ntdll.dll","2025-10-22"
"Windows API","KERNEL32.dll!GetStdHandle","aef610b66b9efd1fa916a38f8ffea8b988c20c5deebf4db83b6be63f7ada2cc0","Trojan:Win32/CryptAgent!dha","aef610b66b9efd1fa916a38f8ffea8b988c20c5deebf4db83b6be63f7ada2cc0.exe","2021-03-10"
"Windows API","KERNEL32.dll!GetStringTypeW","ac29c2dbec74dd4c05fa4ea4544c2e619f62cfe3b874746d94a13cf7ce3cbeff","Trojan:Win32/Wacatac.B!ml","C:\Windows\System32\ntdll.dll","2025-10-22"
"Windows API","KERNEL32.dll!GetStringTypeW","aef610b66b9efd1fa916a38f8ffea8b988c20c5deebf4db83b6be63f7ada2cc0","Trojan:Win32/CryptAgent!dha","aef610b66b9efd1fa916a38f8ffea8b988c20c5deebf4db83b6be63f7ada2cc0.exe","2021-03-10"
"Windows API","KERNEL32.dll!GetSystemDEPPolicy","ac29c2dbec74dd4c05fa4ea4544c2e619f62cfe3b874746d94a13cf7ce3cbeff","Trojan:Win32/Wacatac.B!ml","C:\Windows\System32\ntdll.dll","2025-10-22"
"Windows API","KERNEL32.dll!GetSystemTimeAsFileTime","ac29c2dbec74dd4c05fa4ea4544c2e619f62cfe3b874746d94a13cf7ce3cbeff","Trojan:Win32/Wacatac.B!ml","C:\Windows\System32\ntdll.dll","2025-10-22"
"Windows API","KERNEL32.dll!GetSystemTimeAsFileTime","aef610b66b9efd1fa916a38f8ffea8b988c20c5deebf4db83b6be63f7ada2cc0","Trojan:Win32/CryptAgent!dha","aef610b66b9efd1fa916a38f8ffea8b988c20c5deebf4db83b6be63f7ada2cc0.exe","2021-03-10"
"Windows API","KERNEL32.dll!GetTempPathA","ac29c2dbec74dd4c05fa4ea4544c2e619f62cfe3b874746d94a13cf7ce3cbeff","Trojan:Win32/Wacatac.B!ml","C:\Windows\System32\ntdll.dll","2025-10-22"
"Windows API","KERNEL32.dll!GetTickCount","aef610b66b9efd1fa916a38f8ffea8b988c20c5deebf4db83b6be63f7ada2cc0","Trojan:Win32/CryptAgent!dha","aef610b66b9efd1fa916a38f8ffea8b988c20c5deebf4db83b6be63f7ada2cc0.exe","2021-03-10"
"Windows API","KERNEL32.dll!GetTickCount","ac29c2dbec74dd4c05fa4ea4544c2e619f62cfe3b874746d94a13cf7ce3cbeff","Trojan:Win32/Wacatac.B!ml","C:\Windows\System32\ntdll.dll","2025-10-22"
"Windows API","KERNEL32.dll!GetUserDefaultLCID","aef610b66b9efd1fa916a38f8ffea8b988c20c5deebf4db83b6be63f7ada2cc0","Trojan:Win32/CryptAgent!dha","aef610b66b9efd1fa916a38f8ffea8b988c20c5deebf4db83b6be63f7ada2cc0.exe","2021-03-10"
"Windows API","KERNEL32.dll!GetUserDefaultLCID","ac29c2dbec74dd4c05fa4ea4544c2e619f62cfe3b874746d94a13cf7ce3cbeff","Trojan:Win32/Wacatac.B!ml","C:\Windows\System32\ntdll.dll","2025-10-22"
"Windows API","KERNEL32.dll!GetVersion","ac29c2dbec74dd4c05fa4ea4544c2e619f62cfe3b874746d94a13cf7ce3cbeff","Trojan:Win32/Wacatac.B!ml","C:\Windows\System32\ntdll.dll","2025-10-22"
"Windows API","KERNEL32.dll!GetVersion","aef610b66b9efd1fa916a38f8ffea8b988c20c5deebf4db83b6be63f7ada2cc0","Trojan:Win32/CryptAgent!dha","aef610b66b9efd1fa916a38f8ffea8b988c20c5deebf4db83b6be63f7ada2cc0.exe","2021-03-10"
"Windows API","KERNEL32.dll!GetWriteWatch","ac29c2dbec74dd4c05fa4ea4544c2e619f62cfe3b874746d94a13cf7ce3cbeff","Trojan:Win32/Wacatac.B!ml","C:\Windows\System32\ntdll.dll","2025-10-22"
"Windows API","KERNEL32.dll!HeapAlloc","ac29c2dbec74dd4c05fa4ea4544c2e619f62cfe3b874746d94a13cf7ce3cbeff","Trojan:Win32/Wacatac.B!ml","C:\Windows\System32\ntdll.dll","2025-10-22"
"Windows API","KERNEL32.dll!HeapAlloc","aef610b66b9efd1fa916a38f8ffea8b988c20c5deebf4db83b6be63f7ada2cc0","Trojan:Win32/CryptAgent!dha","aef610b66b9efd1fa916a38f8ffea8b988c20c5deebf4db83b6be63f7ada2cc0.exe","2021-03-10"
"Windows API","KERNEL32.dll!HeapCreate","aef610b66b9efd1fa916a38f8ffea8b988c20c5deebf4db83b6be63f7ada2cc0","Trojan:Win32/CryptAgent!dha","aef610b66b9efd1fa916a38f8ffea8b988c20c5deebf4db83b6be63f7ada2cc0.exe","2021-03-10"
"Windows API","KERNEL32.dll!HeapCreate","ac29c2dbec74dd4c05fa4ea4544c2e619f62cfe3b874746d94a13cf7ce3cbeff","Trojan:Win32/Wacatac.B!ml","C:\Windows\System32\ntdll.dll","2025-10-22"
"Windows API","KERNEL32.dll!HeapDestroy","ac29c2dbec74dd4c05fa4ea4544c2e619f62cfe3b874746d94a13cf7ce3cbeff","Trojan:Win32/Wacatac.B!ml","C:\Windows\System32\ntdll.dll","2025-10-22"
"Windows API","KERNEL32.dll!HeapDestroy","aef610b66b9efd1fa916a38f8ffea8b988c20c5deebf4db83b6be63f7ada2cc0","Trojan:Win32/CryptAgent!dha","aef610b66b9efd1fa916a38f8ffea8b988c20c5deebf4db83b6be63f7ada2cc0.exe","2021-03-10"
"Windows API","KERNEL32.dll!HeapFree","aef610b66b9efd1fa916a38f8ffea8b988c20c5deebf4db83b6be63f7ada2cc0","Trojan:Win32/CryptAgent!dha","aef610b66b9efd1fa916a38f8ffea8b988c20c5deebf4db83b6be63f7ada2cc0.exe","2021-03-10"
"Windows API","KERNEL32.dll!HeapFree","ac29c2dbec74dd4c05fa4ea4544c2e619f62cfe3b874746d94a13cf7ce3cbeff","Trojan:Win32/Wacatac.B!ml","C:\Windows\System32\ntdll.dll","2025-10-22"
"Windows API","KERNEL32.dll!HeapReAlloc","aef610b66b9efd1fa916a38f8ffea8b988c20c5deebf4db83b6be63f7ada2cc0","Trojan:Win32/CryptAgent!dha","aef610b66b9efd1fa916a38f8ffea8b988c20c5deebf4db83b6be63f7ada2cc0.exe","2021-03-10"
"Windows API","KERNEL32.dll!HeapReAlloc","ac29c2dbec74dd4c05fa4ea4544c2e619f62cfe3b874746d94a13cf7ce3cbeff","Trojan:Win32/Wacatac.B!ml","C:\Windows\System32\ntdll.dll","2025-10-22"
"Windows API","KERNEL32.dll!HeapSetInformation","aef610b66b9efd1fa916a38f8ffea8b988c20c5deebf4db83b6be63f7ada2cc0","Trojan:Win32/CryptAgent!dha","aef610b66b9efd1fa916a38f8ffea8b988c20c5deebf4db83b6be63f7ada2cc0.exe","2021-03-10"
"Windows API","KERNEL32.dll!HeapSetInformation","ac29c2dbec74dd4c05fa4ea4544c2e619f62cfe3b874746d94a13cf7ce3cbeff","Trojan:Win32/Wacatac.B!ml","C:\Windows\System32\ntdll.dll","2025-10-22"
"Windows API","KERNEL32.dll!HeapSize","aef610b66b9efd1fa916a38f8ffea8b988c20c5deebf4db83b6be63f7ada2cc0","Trojan:Win32/CryptAgent!dha","aef610b66b9efd1fa916a38f8ffea8b988c20c5deebf4db83b6be63f7ada2cc0.exe","2021-03-10"
"Windows API","KERNEL32.dll!HeapSize","ac29c2dbec74dd4c05fa4ea4544c2e619f62cfe3b874746d94a13cf7ce3cbeff","Trojan:Win32/Wacatac.B!ml","C:\Windows\System32\ntdll.dll","2025-10-22"
"Windows API","KERNEL32.dll!InitializeCriticalSection","ac29c2dbec74dd4c05fa4ea4544c2e619f62cfe3b874746d94a13cf7ce3cbeff","Trojan:Win32/Wacatac.B!ml","C:\Windows\System32\ntdll.dll","2025-10-22"
"Windows API","KERNEL32.dll!InitializeCriticalSectionAndSpinCount","ac29c2dbec74dd4c05fa4ea4544c2e619f62cfe3b874746d94a13cf7ce3cbeff","Trojan:Win32/Wacatac.B!ml","C:\Windows\System32\ntdll.dll","2025-10-22"
"Windows API","KERNEL32.dll!InitializeCriticalSectionAndSpinCount","aef610b66b9efd1fa916a38f8ffea8b988c20c5deebf4db83b6be63f7ada2cc0","Trojan:Win32/CryptAgent!dha","aef610b66b9efd1fa916a38f8ffea8b988c20c5deebf4db83b6be63f7ada2cc0.exe","2021-03-10"
"Windows API","KERNEL32.dll!IsBadWritePtr","ac29c2dbec74dd4c05fa4ea4544c2e619f62cfe3b874746d94a13cf7ce3cbeff","Trojan:Win32/Wacatac.B!ml","C:\Windows\System32\ntdll.dll","2025-10-22"
"Windows API","KERNEL32.dll!IsDebuggerPresent","ac29c2dbec74dd4c05fa4ea4544c2e619f62cfe3b874746d94a13cf7ce3cbeff","Trojan:Win32/Wacatac.B!ml","C:\Windows\System32\ntdll.dll","2025-10-22"
"Windows API","KERNEL32.dll!IsDebuggerPresent","aef610b66b9efd1fa916a38f8ffea8b988c20c5deebf4db83b6be63f7ada2cc0","Trojan:Win32/CryptAgent!dha","aef610b66b9efd1fa916a38f8ffea8b988c20c5deebf4db83b6be63f7ada2cc0.exe","2021-03-10"
"Windows API","KERNEL32.dll!IsValidCodePage","aef610b66b9efd1fa916a38f8ffea8b988c20c5deebf4db83b6be63f7ada2cc0","Trojan:Win32/CryptAgent!dha","aef610b66b9efd1fa916a38f8ffea8b988c20c5deebf4db83b6be63f7ada2cc0.exe","2021-03-10"
"Windows API","KERNEL32.dll!IsValidCodePage","ac29c2dbec74dd4c05fa4ea4544c2e619f62cfe3b874746d94a13cf7ce3cbeff","Trojan:Win32/Wacatac.B!ml","C:\Windows\System32\ntdll.dll","2025-10-22"
"Windows API","KERNEL32.dll!IsValidLocale","ac29c2dbec74dd4c05fa4ea4544c2e619f62cfe3b874746d94a13cf7ce3cbeff","Trojan:Win32/Wacatac.B!ml","C:\Windows\System32\ntdll.dll","2025-10-22"
"Windows API","KERNEL32.dll!IsValidLocale","aef610b66b9efd1fa916a38f8ffea8b988c20c5deebf4db83b6be63f7ada2cc0","Trojan:Win32/CryptAgent!dha","aef610b66b9efd1fa916a38f8ffea8b988c20c5deebf4db83b6be63f7ada2cc0.exe","2021-03-10"
"Windows API","KERNEL32.dll!LCMapStringW","ac29c2dbec74dd4c05fa4ea4544c2e619f62cfe3b874746d94a13cf7ce3cbeff","Trojan:Win32/Wacatac.B!ml","C:\Windows\System32\ntdll.dll","2025-10-22"
"Windows API","KERNEL32.dll!LCMapStringW","aef610b66b9efd1fa916a38f8ffea8b988c20c5deebf4db83b6be63f7ada2cc0","Trojan:Win32/CryptAgent!dha","aef610b66b9efd1fa916a38f8ffea8b988c20c5deebf4db83b6be63f7ada2cc0.exe","2021-03-10"
"Windows API","KERNEL32.dll!LeaveCriticalSection","aef610b66b9efd1fa916a38f8ffea8b988c20c5deebf4db83b6be63f7ada2cc0","Trojan:Win32/CryptAgent!dha","aef610b66b9efd1fa916a38f8ffea8b988c20c5deebf4db83b6be63f7ada2cc0.exe","2021-03-10"
"Windows API","KERNEL32.dll!LeaveCriticalSection","ac29c2dbec74dd4c05fa4ea4544c2e619f62cfe3b874746d94a13cf7ce3cbeff","Trojan:Win32/Wacatac.B!ml","C:\Windows\System32\ntdll.dll","2025-10-22"
"Windows API","KERNEL32.dll!LoadLibraryW","aef610b66b9efd1fa916a38f8ffea8b988c20c5deebf4db83b6be63f7ada2cc0","Trojan:Win32/CryptAgent!dha","aef610b66b9efd1fa916a38f8ffea8b988c20c5deebf4db83b6be63f7ada2cc0.exe","2021-03-10"
"Windows API","KERNEL32.dll!LoadLibraryW","ac29c2dbec74dd4c05fa4ea4544c2e619f62cfe3b874746d94a13cf7ce3cbeff","Trojan:Win32/Wacatac.B!ml","C:\Windows\System32\ntdll.dll","2025-10-22"
"Windows API","KERNEL32.dll!MultiByteToWideChar","aef610b66b9efd1fa916a38f8ffea8b988c20c5deebf4db83b6be63f7ada2cc0","Trojan:Win32/CryptAgent!dha","aef610b66b9efd1fa916a38f8ffea8b988c20c5deebf4db83b6be63f7ada2cc0.exe","2021-03-10"
"Windows API","KERNEL32.dll!MultiByteToWideChar","ac29c2dbec74dd4c05fa4ea4544c2e619f62cfe3b874746d94a13cf7ce3cbeff","Trojan:Win32/Wacatac.B!ml","C:\Windows\System32\ntdll.dll","2025-10-22"
"Windows API","KERNEL32.dll!PeekConsoleInputW","ac29c2dbec74dd4c05fa4ea4544c2e619f62cfe3b874746d94a13cf7ce3cbeff","Trojan:Win32/Wacatac.B!ml","C:\Windows\System32\ntdll.dll","2025-10-22"
"Windows API","KERNEL32.dll!QueryPerformanceCounter","ac29c2dbec74dd4c05fa4ea4544c2e619f62cfe3b874746d94a13cf7ce3cbeff","Trojan:Win32/Wacatac.B!ml","C:\Windows\System32\ntdll.dll","2025-10-22"
"Windows API","KERNEL32.dll!QueryPerformanceCounter","aef610b66b9efd1fa916a38f8ffea8b988c20c5deebf4db83b6be63f7ada2cc0","Trojan:Win32/CryptAgent!dha","aef610b66b9efd1fa916a38f8ffea8b988c20c5deebf4db83b6be63f7ada2cc0.exe","2021-03-10"
"Windows API","KERNEL32.dll!RaiseException","aef610b66b9efd1fa916a38f8ffea8b988c20c5deebf4db83b6be63f7ada2cc0","Trojan:Win32/CryptAgent!dha","aef610b66b9efd1fa916a38f8ffea8b988c20c5deebf4db83b6be63f7ada2cc0.exe","2021-03-10"
"Windows API","KERNEL32.dll!RaiseException","ac29c2dbec74dd4c05fa4ea4544c2e619f62cfe3b874746d94a13cf7ce3cbeff","Trojan:Win32/Wacatac.B!ml","C:\Windows\System32\ntdll.dll","2025-10-22"
"Windows API","KERNEL32.dll!ReadConsoleOutputW","aef610b66b9efd1fa916a38f8ffea8b988c20c5deebf4db83b6be63f7ada2cc0","Trojan:Win32/CryptAgent!dha","aef610b66b9efd1fa916a38f8ffea8b988c20c5deebf4db83b6be63f7ada2cc0.exe","2021-03-10"
"Windows API","KERNEL32.dll!ReadFile","ac29c2dbec74dd4c05fa4ea4544c2e619f62cfe3b874746d94a13cf7ce3cbeff","Trojan:Win32/Wacatac.B!ml","C:\Windows\System32\ntdll.dll","2025-10-22"
"Windows API","KERNEL32.dll!RtlCaptureContext","aef610b66b9efd1fa916a38f8ffea8b988c20c5deebf4db83b6be63f7ada2cc0","Trojan:Win32/CryptAgent!dha","aef610b66b9efd1fa916a38f8ffea8b988c20c5deebf4db83b6be63f7ada2cc0.exe","2021-03-10"
"Windows API","KERNEL32.dll!RtlCaptureContext","ac29c2dbec74dd4c05fa4ea4544c2e619f62cfe3b874746d94a13cf7ce3cbeff","Trojan:Win32/Wacatac.B!ml","C:\Windows\System32\ntdll.dll","2025-10-22"
"Windows API","KERNEL32.dll!RtlLookupFunctionEntry","aef610b66b9efd1fa916a38f8ffea8b988c20c5deebf4db83b6be63f7ada2cc0","Trojan:Win32/CryptAgent!dha","aef610b66b9efd1fa916a38f8ffea8b988c20c5deebf4db83b6be63f7ada2cc0.exe","2021-03-10"
"Windows API","KERNEL32.dll!RtlLookupFunctionEntry","ac29c2dbec74dd4c05fa4ea4544c2e619f62cfe3b874746d94a13cf7ce3cbeff","Trojan:Win32/Wacatac.B!ml","C:\Windows\System32\ntdll.dll","2025-10-22"
"Windows API","KERNEL32.dll!RtlPcToFileHeader","aef610b66b9efd1fa916a38f8ffea8b988c20c5deebf4db83b6be63f7ada2cc0","Trojan:Win32/CryptAgent!dha","aef610b66b9efd1fa916a38f8ffea8b988c20c5deebf4db83b6be63f7ada2cc0.exe","2021-03-10"
"Windows API","KERNEL32.dll!RtlPcToFileHeader","ac29c2dbec74dd4c05fa4ea4544c2e619f62cfe3b874746d94a13cf7ce3cbeff","Trojan:Win32/Wacatac.B!ml","C:\Windows\System32\ntdll.dll","2025-10-22"
"Windows API","KERNEL32.dll!RtlUnwindEx","aef610b66b9efd1fa916a38f8ffea8b988c20c5deebf4db83b6be63f7ada2cc0","Trojan:Win32/CryptAgent!dha","aef610b66b9efd1fa916a38f8ffea8b988c20c5deebf4db83b6be63f7ada2cc0.exe","2021-03-10"
"Windows API","KERNEL32.dll!RtlUnwindEx","ac29c2dbec74dd4c05fa4ea4544c2e619f62cfe3b874746d94a13cf7ce3cbeff","Trojan:Win32/Wacatac.B!ml","C:\Windows\System32\ntdll.dll","2025-10-22"
"Windows API","KERNEL32.dll!RtlVirtualUnwind","ac29c2dbec74dd4c05fa4ea4544c2e619f62cfe3b874746d94a13cf7ce3cbeff","Trojan:Win32/Wacatac.B!ml","C:\Windows\System32\ntdll.dll","2025-10-22"
"Windows API","KERNEL32.dll!RtlVirtualUnwind","aef610b66b9efd1fa916a38f8ffea8b988c20c5deebf4db83b6be63f7ada2cc0","Trojan:Win32/CryptAgent!dha","aef610b66b9efd1fa916a38f8ffea8b988c20c5deebf4db83b6be63f7ada2cc0.exe","2021-03-10"
"Windows API","KERNEL32.dll!SetCommBreak","ac29c2dbec74dd4c05fa4ea4544c2e619f62cfe3b874746d94a13cf7ce3cbeff","Trojan:Win32/Wacatac.B!ml","C:\Windows\System32\ntdll.dll","2025-10-22"
"Windows API","KERNEL32.dll!SetEnvironmentVariableA","aef610b66b9efd1fa916a38f8ffea8b988c20c5deebf4db83b6be63f7ada2cc0","Trojan:Win32/CryptAgent!dha","aef610b66b9efd1fa916a38f8ffea8b988c20c5deebf4db83b6be63f7ada2cc0.exe","2021-03-10"
"Windows API","KERNEL32.dll!SetFilePointer","ac29c2dbec74dd4c05fa4ea4544c2e619f62cfe3b874746d94a13cf7ce3cbeff","Trojan:Win32/Wacatac.B!ml","C:\Windows\System32\ntdll.dll","2025-10-22"
"Windows API","KERNEL32.dll!SetFilePointer","aef610b66b9efd1fa916a38f8ffea8b988c20c5deebf4db83b6be63f7ada2cc0","Trojan:Win32/CryptAgent!dha","aef610b66b9efd1fa916a38f8ffea8b988c20c5deebf4db83b6be63f7ada2cc0.exe","2021-03-10"
"Windows API","KERNEL32.dll!SetHandleCount","ac29c2dbec74dd4c05fa4ea4544c2e619f62cfe3b874746d94a13cf7ce3cbeff","Trojan:Win32/Wacatac.B!ml","C:\Windows\System32\ntdll.dll","2025-10-22"
"Windows API","KERNEL32.dll!SetHandleCount","aef610b66b9efd1fa916a38f8ffea8b988c20c5deebf4db83b6be63f7ada2cc0","Trojan:Win32/CryptAgent!dha","aef610b66b9efd1fa916a38f8ffea8b988c20c5deebf4db83b6be63f7ada2cc0.exe","2021-03-10"
"Windows API","KERNEL32.dll!SetLastError","aef610b66b9efd1fa916a38f8ffea8b988c20c5deebf4db83b6be63f7ada2cc0","Trojan:Win32/CryptAgent!dha","aef610b66b9efd1fa916a38f8ffea8b988c20c5deebf4db83b6be63f7ada2cc0.exe","2021-03-10"
"Windows API","KERNEL32.dll!SetLastError","ac29c2dbec74dd4c05fa4ea4544c2e619f62cfe3b874746d94a13cf7ce3cbeff","Trojan:Win32/Wacatac.B!ml","C:\Windows\System32\ntdll.dll","2025-10-22"
"Windows API","KERNEL32.dll!SetStdHandle","ac29c2dbec74dd4c05fa4ea4544c2e619f62cfe3b874746d94a13cf7ce3cbeff","Trojan:Win32/Wacatac.B!ml","C:\Windows\System32\ntdll.dll","2025-10-22"
"Windows API","KERNEL32.dll!SetStdHandle","aef610b66b9efd1fa916a38f8ffea8b988c20c5deebf4db83b6be63f7ada2cc0","Trojan:Win32/CryptAgent!dha","aef610b66b9efd1fa916a38f8ffea8b988c20c5deebf4db83b6be63f7ada2cc0.exe","2021-03-10"
"Windows API","KERNEL32.dll!SetUnhandledExceptionFilter","ac29c2dbec74dd4c05fa4ea4544c2e619f62cfe3b874746d94a13cf7ce3cbeff","Trojan:Win32/Wacatac.B!ml","C:\Windows\System32\ntdll.dll","2025-10-22"
"Windows API","KERNEL32.dll!SetUnhandledExceptionFilter","aef610b66b9efd1fa916a38f8ffea8b988c20c5deebf4db83b6be63f7ada2cc0","Trojan:Win32/CryptAgent!dha","aef610b66b9efd1fa916a38f8ffea8b988c20c5deebf4db83b6be63f7ada2cc0.exe","2021-03-10"
"Windows API","KERNEL32.dll!Sleep","ac29c2dbec74dd4c05fa4ea4544c2e619f62cfe3b874746d94a13cf7ce3cbeff","Trojan:Win32/Wacatac.B!ml","C:\Windows\System32\ntdll.dll","2025-10-22"
"Windows API","KERNEL32.dll!Sleep","aef610b66b9efd1fa916a38f8ffea8b988c20c5deebf4db83b6be63f7ada2cc0","Trojan:Win32/CryptAgent!dha","aef610b66b9efd1fa916a38f8ffea8b988c20c5deebf4db83b6be63f7ada2cc0.exe","2021-03-10"
"Windows API","KERNEL32.dll!TerminateProcess","ac29c2dbec74dd4c05fa4ea4544c2e619f62cfe3b874746d94a13cf7ce3cbeff","Trojan:Win32/Wacatac.B!ml","C:\Windows\System32\ntdll.dll","2025-10-22"
"Windows API","KERNEL32.dll!TerminateProcess","aef610b66b9efd1fa916a38f8ffea8b988c20c5deebf4db83b6be63f7ada2cc0","Trojan:Win32/CryptAgent!dha","aef610b66b9efd1fa916a38f8ffea8b988c20c5deebf4db83b6be63f7ada2cc0.exe","2021-03-10"
"Windows API","KERNEL32.dll!TerminateThread","ac29c2dbec74dd4c05fa4ea4544c2e619f62cfe3b874746d94a13cf7ce3cbeff","Trojan:Win32/Wacatac.B!ml","C:\Windows\System32\ntdll.dll","2025-10-22"
"Windows API","KERNEL32.dll!TlsSetValue","ac29c2dbec74dd4c05fa4ea4544c2e619f62cfe3b874746d94a13cf7ce3cbeff","Trojan:Win32/Wacatac.B!ml","C:\Windows\System32\ntdll.dll","2025-10-22"
"Windows API","KERNEL32.dll!UnhandledExceptionFilter","aef610b66b9efd1fa916a38f8ffea8b988c20c5deebf4db83b6be63f7ada2cc0","Trojan:Win32/CryptAgent!dha","aef610b66b9efd1fa916a38f8ffea8b988c20c5deebf4db83b6be63f7ada2cc0.exe","2021-03-10"
"Windows API","KERNEL32.dll!UnhandledExceptionFilter","ac29c2dbec74dd4c05fa4ea4544c2e619f62cfe3b874746d94a13cf7ce3cbeff","Trojan:Win32/Wacatac.B!ml","C:\Windows\System32\ntdll.dll","2025-10-22"
"Windows API","KERNEL32.dll!VirtualAlloc","aef610b66b9efd1fa916a38f8ffea8b988c20c5deebf4db83b6be63f7ada2cc0","Trojan:Win32/CryptAgent!dha","aef610b66b9efd1fa916a38f8ffea8b988c20c5deebf4db83b6be63f7ada2cc0.exe","2021-03-10"
"Windows API","KERNEL32.dll!WaitForDebugEvent","ac29c2dbec74dd4c05fa4ea4544c2e619f62cfe3b874746d94a13cf7ce3cbeff","Trojan:Win32/Wacatac.B!ml","C:\Windows\System32\ntdll.dll","2025-10-22"
"Windows API","KERNEL32.dll!WaitForSingleObject","aef610b66b9efd1fa916a38f8ffea8b988c20c5deebf4db83b6be63f7ada2cc0","Trojan:Win32/CryptAgent!dha","aef610b66b9efd1fa916a38f8ffea8b988c20c5deebf4db83b6be63f7ada2cc0.exe","2021-03-10"
"Windows API","KERNEL32.dll!WideCharToMultiByte","aef610b66b9efd1fa916a38f8ffea8b988c20c5deebf4db83b6be63f7ada2cc0","Trojan:Win32/CryptAgent!dha","aef610b66b9efd1fa916a38f8ffea8b988c20c5deebf4db83b6be63f7ada2cc0.exe","2021-03-10"
"Windows API","KERNEL32.dll!WideCharToMultiByte","ac29c2dbec74dd4c05fa4ea4544c2e619f62cfe3b874746d94a13cf7ce3cbeff","Trojan:Win32/Wacatac.B!ml","C:\Windows\System32\ntdll.dll","2025-10-22"
"Windows API","KERNEL32.dll!WriteConsoleW","aef610b66b9efd1fa916a38f8ffea8b988c20c5deebf4db83b6be63f7ada2cc0","Trojan:Win32/CryptAgent!dha","aef610b66b9efd1fa916a38f8ffea8b988c20c5deebf4db83b6be63f7ada2cc0.exe","2021-03-10"
"Windows API","KERNEL32.dll!WriteConsoleW","ac29c2dbec74dd4c05fa4ea4544c2e619f62cfe3b874746d94a13cf7ce3cbeff","Trojan:Win32/Wacatac.B!ml","C:\Windows\System32\ntdll.dll","2025-10-22"
"Windows API","KERNEL32.dll!WriteFile","aef610b66b9efd1fa916a38f8ffea8b988c20c5deebf4db83b6be63f7ada2cc0","Trojan:Win32/CryptAgent!dha","aef610b66b9efd1fa916a38f8ffea8b988c20c5deebf4db83b6be63f7ada2cc0.exe","2021-03-10"
"Windows API","KERNEL32.dll!WriteFile","ac29c2dbec74dd4c05fa4ea4544c2e619f62cfe3b874746d94a13cf7ce3cbeff","Trojan:Win32/Wacatac.B!ml","C:\Windows\System32\ntdll.dll","2025-10-22"
"Windows API","USER32.dll!EnumDisplaySettingsW","aef610b66b9efd1fa916a38f8ffea8b988c20c5deebf4db83b6be63f7ada2cc0","Trojan:Win32/CryptAgent!dha","aef610b66b9efd1fa916a38f8ffea8b988c20c5deebf4db83b6be63f7ada2cc0.exe","2021-03-10"
"Windows API","USER32.dll!GetDesktopWindow","aef610b66b9efd1fa916a38f8ffea8b988c20c5deebf4db83b6be63f7ada2cc0","Trojan:Win32/CryptAgent!dha","aef610b66b9efd1fa916a38f8ffea8b988c20c5deebf4db83b6be63f7ada2cc0.exe","2021-03-10"
"Windows API","USER32.dll!GetMonitorInfoW","aef610b66b9efd1fa916a38f8ffea8b988c20c5deebf4db83b6be63f7ada2cc0","Trojan:Win32/CryptAgent!dha","aef610b66b9efd1fa916a38f8ffea8b988c20c5deebf4db83b6be63f7ada2cc0.exe","2021-03-10"
"Windows API","USER32.dll!MonitorFromWindow","aef610b66b9efd1fa916a38f8ffea8b988c20c5deebf4db83b6be63f7ada2cc0","Trojan:Win32/CryptAgent!dha","aef610b66b9efd1fa916a38f8ffea8b988c20c5deebf4db83b6be63f7ada2cc0.exe","2021-03-10"
